name;quantity;cal;fat;cholesterol;sodium;protein;carb;fiber;sugars;vitamin
Cornstarch;100;381;0.1;0;9;0.26;91.27;0.9;0;vitamin a
Nuts;100;691;72;0;0;9.17;13.86;9.6;3.97;vitamin a
Eggplant;100;25;0.2;0;2;0.98;5.88;3;3.53;vitamin a
Teff;100;367;2.4;0;12;13.3;73.13;8;1.84;vitamin a
Sherbet;100;144;2;1;46;1.1;30.4;1.3;24.32;vitamin a
Cauliflower;100;25;0.3;0;30;1.92;4.97;2;1.91;vitamin c
Taro leaves;100;42;0.7;0;3;4.98;6.7;3.7;3.01;vitamin a
Lamb;100;282;23;73;59;16.56;0;0;0;vitamin k
Cheese;100;300;24;72;842;19.8;0.46;0;0.46;vitamin a
Vegetarian fillets;100;290;18;0;490;23;9;6.1;0.8;vitamin b6
PACE;100;25;0;0;781;0;6.25;3.1;6.25;vitamin a
Goji berries;100;349;0.4;0;298;14.26;77.06;13;45.61;vitamin a
Mango nectar;100;51;0.1;0;5;0.11;13.12;0.3;12.45;vitamin a
Crackers;100;407;7.2;78;253;13.5;72.3;0;0;vitamin a
Chicken;100;215;15;84;67;19.4;0.2;0;0;vitamin a
Quail;100;134;4.5;70;51;21.76;0;0;0;vitamin a
Pie;100;316;16;0;374;3;42.6;2.6;0;vitamin a
Peppers;100;29;0.4;0;3;0.91;6.5;2.8;4.12;vitamin a
Winged bean tuber;100;148;0.9;0;35;11.6;28.1;0;0;vitamin b6
Salami;100;172;9.2;76;1107;19.2;1.55;0.1;1.12;vitamin d
Grapes;100;57;0.5;0;1;0.81;13.93;3.9;0;vitamin a
Spices;100;272;5.9;0;24;6.73;68.73;45.7;0;vitamin a
Candies;100;516;33;0;167;11.6;50.3;7.7;31.17;vitamin a
Syrup;100;270;0;0;9;0;67.38;0;59.92;vitamin a
Ostrich;100;119;3;75;81;21.67;0;0;0;vitamin b12
Chewing gum;100;268;0.4;0;7;0;94.8;2.4;0;vitamin a
Pasta;100;371;1.5;0;6;13.04;74.67;3.2;2.67;vitamin b6
McDONALD'S;100;20;0.2;0;12;1.03;4.3;1.6;2.24;vitamin a
Cookies;100;406;11;0;370;7.05;70.54;3.5;21.16;vitamin k
Broccoli;100;30;0.8;0;7;1.2;4.67;2.6;0.88;vitamin a
Agave;100;68;0.2;0;14;0.52;16.23;6.6;2.58;vitamin a
Emu;100;103;0.5;78;100;23.08;0;0;0;vitamin b12
Currants;100;283;0.3;0;8;4.08;74.08;6.8;67.28;vitamin a
Lentils;100;106;0.6;0;11;8.96;22.14;0;0;vitamin a
Gravy;100;322;3;2;4186;9;67.64;6;0;vitamin c
Snacks;100;384;3.1;0;288;9.7;80.1;2.9;0.72;vitamin a
Snack;100;383;11;0;447;13.16;58.84;7.9;26.32;vitamin a
Fish;100;108;2.4;50;71;20.21;0;0;0;vitamin a
Babyfood;100;47;0;0;8;0;11.86;0.1;7.28;vitamin c
Brussels sprouts;100;43;0.3;0;25;3.38;8.95;3.8;2.2;vitamin a
Broccoli raab;100;33;0.5;0;56;3.83;3.12;2.8;0.62;vitamin a
Butter oil;100;876;99;256;2;0.28;0;0;0;vitamin a
Chicory;100;17;0.1;0;2;0.9;4;3.1;0;vitamin a
KEEBLER;100;424;5.3;0;149;6.5;87.7;1.8;31.6;vitamin e
Durian;100;147;5.3;0;2;1.47;27.09;3.8;0;vitamin a
Tomatoes;100;16;0.2;0;42;1.16;3.18;0.9;0;vitamin a
Egg custards;100;410;6.4;258;281;6.9;82.8;0;0;vitamin a
Peanut flour;100;428;22;0;1;33.8;31.27;15.8;0;vitamin b6
DENNY'S;100;282;14;0;44;3.41;35.2;3.5;0.85;vitamin k
Ground turkey;100;203;10;93;78;27.37;0;0;0;vitamin a
MURRAY;100;461;17;1;401;4;72.9;1.4;31.5;vitamin a
WENDY'S;100;301;14;0;219;3.73;39.73;4;0.4;vitamin k
Bread;100;313;4.3;0;601;12.96;55.77;4.7;6.42;vitamin k
Danish pastry;100;374;22;23;417;8;37.2;1;6.95;vitamin a
Oil;100;763;100;0;0;0;0;0;0;vitamin k
Egg;100;322;27;1085;48;15.86;3.59;0;0.56;vitamin a
Fireweed;100;103;2.8;0;34;4.71;19.22;10.6;0;vitamin a
Beef;100;147;5.8;68;1078;21.8;0.36;0;0.1;vitamin a
Frankfurter;100;233;14;0;471;19.61;7.7;3.9;0;vitamin b12
Ice creams;100;216;11;34;76;3.8;28.2;1.2;25.36;vitamin a
USDA Commodity;100;36;0.2;0;430;1.5;7;1.4;0;vitamin a
Figs;100;249;0.9;0;10;3.3;63.87;9.8;47.92;vitamin k
Game meat;100;133;4.6;52;53;21.39;0;0;0;vitamin b12
Cream;100;198;19;59;31;2.44;4.63;0;3.41;vitamin a
SILK Original Creamer;100;100;6.7;0;67;0;6.67;0;0;vitamin a
SILK Hazelnut Creamer;100;133;6.7;0;67;0;20;0;20;vitamin c
Soup;100;293;0.3;0;8031;7.48;65.07;6.6;4.65;vitamin a
Mushrooms;100;37;0.3;0;3;2.66;7.81;2.7;0.22;vitamin d
Bacon and beef sticks;100;517;44;102;1420;29.1;0.8;0;0.8;vitamin b12
Peanuts;100;570;50;0;22;26.15;15.83;9.5;0;vitamin b6
Hominy;100;72;0.9;0;345;1.48;14.26;2.5;1.82;vitamin a
Pears;100;62;0.1;0;1;0.33;14.94;3;9.54;vitamin a
Horseradish;100;48;0.7;0;420;1.18;11.29;3.3;7.99;vitamin c
Lebanon bologna;100;172;10;55;1374;19.03;0.44;0;0;vitamin a
Ham and cheese spread;100;245;19;61;1197;16.18;2.28;0;0;vitamin a
TACO BELL;100;170;9.2;19;363;6.69;15.1;3;0;vitamin a
Sauce;100;78;0;0;980;0;19.46;0;10.03;vitamin a
Hummus;100;177;8.6;0;242;4.86;20.12;4;0.27;vitamin c
Horned melon (Kiwano);100;44;1.3;0;2;1.78;7.56;0;0;vitamin a
Ice cream sundae cone;100;254;14;15;115;3;28.89;1;21.26;vitamin a
Cabbage;100;12;0.2;0;11;1.1;2.23;0;0;vitamin a
Parsley;100;271;5.2;0;391;31.3;42.38;32.7;0;vitamin a
Yambean (jicama);100;38;0.1;0;4;0.72;8.82;4.9;1.8;vitamin a
Kiwifruit;100;61;0.5;0;3;1.14;14.66;3;8.99;vitamin c
Drumstick leaves;100;64;1.4;0;9;9.4;8.28;2;0;vitamin a
Yautia (tannier);100;98;0.4;0;21;1.46;23.63;1.5;0;vitamin a
Cucumber;100;12;0.2;0;2;0.59;2.16;0.7;1.38;vitamin a
Dandelion greens;100;45;0.7;0;76;2.7;9.2;3.5;0.71;vitamin a
Melons;100;36;0.1;0;18;0.54;9.09;0.8;8.12;vitamin a
Potato salad with egg;100;157;9.4;17;329;1.96;16.18;1.3;4.95;vitamin a
Oranges;100;46;0.2;0;0;0.7;11.54;2.4;9.14;vitamin a
SILK Vanilla;100;41;1.4;0;39;2.47;4.12;0.4;2.88;vitamin a
Papaya nectar;100;57;0.2;0;5;0.17;14.51;0.6;13.91;vitamin a
Fiddlehead ferns;100;34;0.4;0;1;4.55;5.54;0;0;vitamin a
SILK Peach soy yogurt;100;94;1.2;0;15;2.35;18.82;0.6;14.71;vitamin c
SILK Plain soy yogurt;100;66;1.8;0;13;2.64;9.69;0.4;5.29;vitamin d
Yeast extract spread;100;185;0.9;0;3380;23.88;20.42;6.5;1.6;vitamin b12
Mollusks;100;90;1.4;50;70;16.1;2;0;0;vitamin a
Sour cream;100;74;0;9;141;3.1;15.6;0;0.39;vitamin a
Ham;100;239;19;49;1280;16.06;0.26;0;0;vitamin d
Carrot juice;100;40;0.2;0;66;0.95;9.28;0.8;3.91;vitamin a
Corn;100;386;5.2;0;13;9.88;74.93;0;5.38;vitamin k
Pate;100;327;29;105;807;11.2;6.3;0;0;vitamin a
Fruit butters;100;173;0.3;0;15;0.39;42.47;1.5;35.3;vitamin a
Fast foods;100;153;9.9;4;203;0.95;14.89;1.9;12.19;vitamin a
Pickle relish;100;130;0.5;0;811;0.37;35.06;1.1;29.13;vitamin a
Chives;100;311;3.5;0;70;21.2;64.29;26.2;0;vitamin a
Butter;100;717;81;215;11;0.85;0.06;0;0.06;vitamin a
Rice noodles;100;108;0.2;0;19;1.79;24.01;1;0.03;vitamin e
Barley flour or meal;100;345;1.6;0;4;10.5;74.52;10.1;0.8;vitamin k
Sesbania flower;100;27;0;0;15;1.28;6.73;0;0;vitamin c
Garlic bread;100;350;17;0;544;8.36;41.72;2.5;3.69;vitamin a
KFC;100;351;22;40;1140;17.67;21.18;1;0;vitamin k
APPLEBEE'S;100;120;7.1;2;178;0.79;13.17;2.8;9.33;vitamin a
Rolls;100;321;7.4;55;253;10.04;53.58;3.1;15.38;vitamin a
Cherries;100;63;0.2;0;0;1.06;16.01;2.1;12.82;vitamin a
SILK Coffee;100;62;1.4;0;41;2.06;10.29;0;9.47;vitamin a
Peaches;100;39;0.3;0;0;0.91;9.54;1.5;8.39;vitamin a
Toppings;100;254;0.1;0;21;0.2;66.3;0.7;27.38;vitamin a
Seaweed;100;45;0.6;0;872;3.03;9.14;0.5;0.65;vitamin a
Amaranth leaves;100;23;0.3;0;20;2.46;4.02;0;0;vitamin a
Barley;100;352;1.2;0;9;9.91;77.72;15.6;0.8;vitamin a
Polish sausage;100;326;29;70;876;14.1;1.63;0;0;vitamin c
Bacon bits;100;476;26;0;1770;32;28.6;10.2;0;vitamin e
Semolina;100;360;1.1;0;1;12.68;72.83;3.9;0;vitamin b6
Grape leaves;100;69;2;0;2853;4.27;11.71;9.9;0;vitamin a
Pumpkin flowers;100;15;0.1;0;5;1.03;3.28;0;0;vitamin a
Celery flakes;100;319;2.1;0;1435;11.3;63.7;27.8;35.9;vitamin a
Loganberries;100;55;0.3;0;1;1.52;13.02;5.3;7.7;vitamin a
Tangerine juice;100;43;0.2;0;1;0.5;10.1;0.2;9.9;vitamin a
Soybeans;100;147;6.8;0;15;12.95;11.05;4.2;0;vitamin a
Soybean;100;151;8.1;0;20;12.5;6.9;0;1.6;vitamin a
Tostada shells;100;474;23;0;657;6.15;64.43;5.8;0;vitamin b6
Taro;100;44;1;0;50;2.79;6.91;0;0;vitamin a
Chicory greens;100;23;0.3;0;45;1.7;4.7;4;0.7;vitamin a
Hearts of palm;100;115;0.2;0;14;2.7;25.61;1.5;17.16;vitamin a
Chayote;100;19;0.1;0;2;0.82;4.51;1.7;1.66;vitamin c
Soy protein isolate;100;335;3.4;0;1005;88.32;0;0;0;vitamin b6
Syrups;100;283;0.2;0;62;0;76.79;0;76.77;vitamin a
Mother's loaf;100;282;22;45;1127;12.07;7.53;0;0;vitamin d
Tapioca;100;358;0;0;1;0.19;88.69;0.9;3.35;vitamin b6
Guavas;100;68;1;0;2;2.55;14.32;5.4;8.92;vitamin a
Meatballs;100;197;9;0;550;21;8;4.6;1.25;vitamin e
Mustard greens;100;27;0.4;0;20;2.86;4.67;3.2;1.32;vitamin a
Sweet rolls;100;360;18;76;357;7.1;43.7;1.2;0;vitamin a
Bread sticks;100;412;9.5;0;713;12;68.4;3;1.26;vitamin k
SILK Mocha;100;58;1.4;0;41;2.06;9.05;0;7.41;vitamin a
Milk and cereal bar;100;413;11;6;319;6.47;72.05;0.4;45.97;vitamin a
HORMEL;100;106;3.6;51;1038;18.43;0.21;0;0;vitamin c
Prune juice;100;71;0;0;4;0.61;17.45;1;16.45;vitamin c
Soy flour;100;327;1.2;0;20;51.46;33.92;17.5;16.42;vitamin a
Potatoes;100;58;0.1;0;10;2.57;12.44;2.5;0;vitamin c
Pepper;100;27;0.5;0;13;1.66;5.35;3.4;1.95;vitamin a
Drumstick pods;100;37;0.2;0;42;2.1;8.53;3.2;0;vitamin c
Acorn stew (Apache);100;95;3.5;20;130;6.81;9.22;0.7;0.34;vitamin b12
Guava sauce;100;36;0.1;0;4;0.32;9.48;3.6;5.88;vitamin a
Pumpkin leaves;100;19;0.4;0;11;3.15;2.33;0;0;vitamin a
Melon balls;100;33;0.3;0;31;0.84;7.94;0.7;0;vitamin a
Fish oil;100;902;100;570;0;0;0;0;0;vitamin a
SILK Plain;100;41;1.7;0;49;2.88;3.29;0.4;2.47;vitamin a
Corn grain;100;365;4.7;0;35;9.42;74.26;7.3;0.64;vitamin a
Turtle;100;89;0.5;50;68;19.8;0;0;0;vitamin a
Chicory roots;100;72;0.2;0;50;1.4;17.51;1.5;8.73;vitamin a
Ice cream sandwich;100;237;8.6;21;129;4.29;37.14;0;18.57;vitamin a
Croutons;100;465;18;7;1089;10.8;63.5;5;4.41;vitamin a
Prickly pears;100;41;0.5;0;5;0.73;9.57;3.6;0;vitamin a
Liver cheese;100;304;26;174;1225;15.2;2.1;0;0;vitamin a
Jams and preserves;100;278;0.1;0;32;0.37;68.86;1.1;48.5;vitamin c
Carrots;100;35;0.1;0;78;0.64;8.24;2.9;4.76;vitamin a
Catsup;100;101;0.1;0;20;1.04;27.4;0.3;21.27;vitamin a
Croissants;100;414;21;57;361;9.2;47;2.6;11.35;vitamin a
Milk;100;108;7;27;44;5.98;5.36;0;0;vitamin a
Acerola juice;100;23;0.3;0;3;0.4;4.8;0.3;4.5;vitamin c
Jute;100;34;0.3;0;8;4.65;5.8;0;0;vitamin a
Fast food;100;370;19;2;979;7.08;42.82;2.5;3.88;vitamin a
Bagels;100;241;1.2;6;359;9.9;47.47;6.2;8.66;vitamin a
Onions;100;32;0.1;0;8;0.8;7.55;0.9;5.02;vitamin c
SILK Chai;100;53;1.4;0;41;2.47;7.82;0;5.76;vitamin a
Carrot;100;341;1.5;0;275;8.1;79.57;23.6;38.82;vitamin a
Vinegar;100;18;0;0;2;0;0.04;0;0.04;vitamin a
Sapote;100;124;0.5;0;7;1.45;32.1;5.4;20.14;vitamin a
Taco shells;100;476;22;0;324;6.41;63.49;6.7;1.5;vitamin a
Bamboo shoots;100;27;0.3;0;4;2.6;5.2;2.2;3;vitamin a
Whey;100;353;1.1;6;1079;12.93;74.46;0;74.46;vitamin a
Fat;100;902;100;102;0;0;0;0;0;vitamin d
Coffeecake;100;339;15;85;339;7;44.3;1;0;vitamin a
Yardlong bean;100;47;0.4;0;4;2.8;8.35;0;0;vitamin a
Cress;100;32;0.7;0;14;2.6;5.5;1.1;4.4;vitamin a
Dates;100;282;0.4;0;2;2.45;75.03;8;63.35;vitamin a
Lambsquarters;100;43;0.8;0;43;4.2;7.3;4;0;vitamin a
Vital wheat gluten;100;370;1.9;0;29;75.16;13.79;0.6;0;vitamin a
Turnip greens;100;32;0.3;0;40;1.5;7.13;3.2;0.81;vitamin a
Sugars;100;387;0;0;1;0;99.98;0;99.8;vitamin a
Pomegranates;100;83;1.2;0;3;1.67;18.7;4;13.67;vitamin k
Liverwurst spread;100;305;25;118;700;12.38;5.89;2.5;1.65;vitamin a
Roast beef spread;100;223;16;70;724;15.27;3.73;0.2;0.71;vitamin b12
Chard;100;19;0.2;0;213;1.8;3.74;1.6;1.1;vitamin a
Goose;100;133;4.3;515;140;16.37;6.32;0;0;vitamin a
Sausage;100;255;18;0;888;20.28;8.09;2.8;0;vitamin e
Rice flour;100;363;2.8;0;8;7.23;76.48;4.6;0.66;vitamin b6
Peppermint;100;70;0.9;0;31;3.75;14.89;8;0;vitamin a
Luxury loaf;100;141;4.8;36;1225;18.4;4.9;0;0;vitamin d
Rye flour;100;349;1.5;0;2;10.88;75.43;11.8;1.1;vitamin k
Oheloberries;100;28;0.2;0;1;0.38;6.84;0;0;vitamin a
Barley malt flour;100;361;1.8;0;11;10.28;78.3;7.1;0.8;vitamin a
Plantains;100;116;0.2;0;5;0.79;31.15;2.3;14;vitamin a
Burdock root;100;72;0.2;0;5;1.53;17.34;3.3;2.9;vitamin c
Butterbur;100;3;0.1;0;4;0.11;0.38;0;0;vitamin c
SILK Nog;100;74;1.6;0;61;2.46;12.3;0;9.84;vitamin a
Muffins;100;270;7.4;0;393;7;48.3;4.6;8.22;vitamin k
Raisins;100;299;0.5;0;11;3.07;79.18;3.7;59.19;vitamin k
Strawberries;100;32;0.3;0;1;0.67;7.68;2;4.89;vitamin c
Wheat germ;100;360;9.7;0;12;23.15;51.8;13.2;0;vitamin b6
Wheat;100;342;1.7;0;2;11.31;75.9;12.2;0.41;vitamin a
Wheat bran;100;216;4.3;0;2;15.55;64.51;42.8;0.41;vitamin b6
Gooseberries;100;44;0.6;0;1;0.88;10.18;4.3;0;vitamin a
Kale;100;42;0.6;0;70;2.8;8.32;1.7;0;vitamin a
Marmalade;100;246;0;0;56;0.3;66.3;0.7;60;vitamin a
Fennel;100;31;0.2;0;52;1.24;7.3;3.1;3.93;vitamin a
Wild rice;100;101;0.3;0;3;3.99;21.34;1.8;0.73;vitamin a
Veal;100;197;13;49;103;18.58;0;0;0;vitamin d
Elderberries;100;73;0.5;0;6;0.66;18.4;7;0;vitamin a
Orange juice;100;45;0.2;0;1;0.7;10.4;0.2;8.4;vitamin a
POPEYES;100;161;11;7;218;0.98;14.12;1.7;10.83;vitamin a
Blackberries;100;43;0.5;0;1;1.39;9.61;5.3;4.88;vitamin a
Wasabi;100;109;0.6;0;17;4.8;23.54;7.8;0;vitamin c
Raspberries;100;52;0.7;0;1;1.2;11.94;6.5;4.42;vitamin a
Corn bran;100;224;0.9;0;7;8.36;85.64;79;0;vitamin a
Taro shoots;100;11;0.1;0;1;0.92;2.32;0;0;vitamin a
Couscous;100;112;0.2;0;5;3.79;23.22;1.4;0.1;vitamin e
Dill weed;100;43;1.1;0;61;3.46;7.02;2.1;0;vitamin a
Spearmint;100;285;6;0;344;19.93;52.04;29.8;0;vitamin a
Tamales (Navajo);100;153;6.1;17;427;6.28;18.12;3.1;0.99;vitamin c
Rice bran;100;316;21;0;5;13.35;49.69;21;0.9;vitamin b6
Lemon juice;100;22;0.2;0;1;0.35;6.9;0.3;2.52;vitamin c
Ginger root;100;80;0.8;0;13;1.82;17.77;2;1.7;vitamin c
Orange peel;100;97;0.2;0;3;1.5;25;10.6;0;vitamin a
Blueberries;100;57;0.3;0;1;0.74;14.49;2.4;9.96;vitamin a
Beet greens;100;22;0.1;0;226;2.2;4.33;3.7;0.5;vitamin a
Clementines;100;47;0.2;0;1;0.85;12.02;1.7;9.18;vitamin c
Peas;100;81;0.4;0;5;5.42;14.45;5.7;5.67;vitamin a
Oat bran;100;40;0.9;0;1;3.21;11.44;2.6;0;vitamin b6
Sugar;100;399;0;0;0;0;99.8;0;99.19;vitamin a
Headcheese;100;157;11;69;941;13.83;0;0;0;vitamin d
Ham salad spread;100;216;16;37;1075;8.68;10.64;0;0;vitamin d
Olive loaf;100;235;17;38;964;11.8;9.2;0;0;vitamin a
Pastrami;100;139;6.2;68;1123;16.3;3.34;0.1;3.34;vitamin a
Cranberries;100;46;0.1;0;2;0.46;11.97;3.6;4.27;vitamin a
Quinoa;100;368;6.1;0;5;14.12;64.16;7;0;vitamin a
Rose-apples;100;25;0.3;0;0;0.6;5.7;0;0;vitamin a
Watermelon;100;30;0.2;0;1;0.61;7.55;0.4;6.2;vitamin a
Potato pancakes;100;268;15;95;764;6.08;27.81;3.3;1.79;vitamin a
Spinach souffle;100;172;13;118;566;7.89;5.9;0.7;1.85;vitamin a
Bacon;100;309;30;0;1465;11.69;5.31;2.6;0;vitamin a
Rosemary;100;131;5.9;0;26;3.31;20.7;14.1;0;vitamin a
Lemon peel;100;47;0.3;0;6;1.5;16;10.6;4.17;vitamin c
Nectarines;100;44;0.3;0;0;1.06;10.55;1.7;7.89;vitamin a
Mulberries;100;43;0.4;0;10;1.44;9.8;1.7;8.1;vitamin c
Lotus root;100;74;0.1;0;40;2.6;17.23;4.9;0;vitamin c
Crabapples;100;76;0.3;0;1;0.4;19.95;0;0;vitamin a
Breadfruit;100;103;0.2;0;2;1.07;27.12;4.9;11;vitamin c
Arrowroot flour;100;357;0.1;0;2;0.3;88.15;3.4;0;vitamin b6
Pimento;100;23;0.3;0;14;1.1;5.1;1.9;2.71;vitamin a
Tomatillos;100;32;1;0;1;0.96;5.84;1.9;3.93;vitamin a
Bologna;100;209;16;75;1071;11.42;4.68;0.5;2.9;vitamin a
Vanilla extract;100;288;0.1;0;9;0.06;12.65;0;12.65;vitamin b6
Watercress;100;11;0.1;0;41;2.3;1.29;0.5;0.2;vitamin a
Lime juice;100;25;0.1;0;2;0.42;8.42;0.4;1.69;vitamin a
Spelt;100;338;2.4;0;8;14.57;70.19;10.7;6.82;vitamin a
Seeds;100;534;42;0;30;18.29;28.88;27.3;1.55;vitamin k
Arrowroot;100;65;0.2;0;26;4.24;13.39;1.3;0;vitamin a
Tamarinds;100;239;0.6;0;28;2.8;62.5;5.1;38.8;vitamin a
Millet;100;354;3.4;0;5;13;80;2.7;0.55;vitamin k
Scrapple;100;213;14;49;482;8.06;14.06;0.3;0.2;vitamin a
Longans;100;286;0.4;0;48;4.9;74;0;0;vitamin c
Pectin;100;11;0;0;0;0;2.1;2.1;0;vitamin a
Pretzels;100;338;3.1;0;545;8.2;69.39;1.7;0.25;vitamin k
Dulce de Leche;100;315;7.4;29;129;6.84;55.35;0;49.74;vitamin a
Radicchio;100;23;0.3;0;22;1.43;4.48;0.9;0.6;vitamin k
Bulgur;100;83;0.2;0;5;3.08;18.58;4.5;0.1;vitamin a
Tempeh;100;195;11;0;14;19.91;7.62;0;0;vitamin b6
Chicken spread;100;158;18;56;722;18.01;4.05;0.3;0.47;vitamin a
Capers;100;23;0.9;0;2348;2.36;4.89;3.2;0.41;vitamin a
Sapodilla;100;83;1.1;0;12;0.44;19.96;5.3;0;vitamin a
Arrowhead;100;99;0.3;0;22;5.33;20.23;0;0;vitamin c
Frog legs;100;73;0.3;50;58;16.4;0;0;0;vitamin a
Jackfruit;100;95;0.6;0;2;1.72;23.25;1.5;19.08;vitamin a
Litchis;100;277;1.2;0;3;3.8;70.7;4.6;66.1;vitamin c
Rutabagas;100;37;0.2;0;12;1.08;8.62;2.3;4.46;vitamin c
Cornsalad;100;21;0.4;0;4;2;3.6;0;0;vitamin a
Strudel;100;274;11;6;135;3.3;41.1;2.2;25.75;vitamin a
Cherimoya;100;75;0.7;0;7;1.57;17.71;3;12.87;vitamin c
Asparagus;100;20;0.1;0;2;2.2;3.88;2.1;1.88;vitamin a
Apricots;100;48;0.4;0;1;1.4;11.12;2;9.24;vitamin a
Candied fruit;100;322;0.1;0;98;0.34;82.74;1.6;80.68;vitamin a
Blood sausage;100;379;35;120;680;14.6;1.29;0;1.29;vitamin d
Shallots;100;72;0.1;0;12;2.5;16.8;3.2;7.87;vitamin c
Meat extender;100;311;3;0;10;41.71;34.71;17.5;0;vitamin b6
Sorghum grain;100;329;3.5;0;2;10.62;72.09;6.7;2.53;vitamin e
Pepeao;100;298;0.4;0;70;4.82;81.03;0;0;vitamin c
Purslane;100;20;0.4;0;45;2.03;3.39;0;0;vitamin a
Radishes;100;16;0.1;0;39;0.68;3.4;1.6;1.86;vitamin c
Parsnips;100;75;0.3;0;10;1.2;17.99;4.9;4.8;vitamin k
Collards;100;32;0.6;0;17;3.02;5.42;4;0.46;vitamin a
Rice crackers;100;416;5;0;233;10;82.64;0;0;vitamin k
Celeriac;100;42;0.3;0;100;1.5;9.2;1.8;1.6;vitamin k
Kumquats;100;71;0.9;0;10;1.88;15.9;6.5;9.36;vitamin a
Kohlrabi;100;27;0.1;0;20;1.7;6.2;3.6;2.6;vitamin c
Tomato powder;100;302;0.4;0;134;12.91;74.68;16.5;43.9;vitamin a
Celtuce;100;18;0.3;0;11;0.85;3.65;1.7;0;vitamin a
Thyme;100;101;1.7;0;9;5.56;24.45;14;0;vitamin a
Basil;100;23;0.6;0;4;3.15;2.65;1.6;0.3;vitamin a
Rhubarb;100;21;0.2;0;4;0.9;4.54;1.8;1.1;vitamin a
Nopales;100;16;0.1;0;21;1.32;3.33;2.2;1.15;vitamin a
Loquats;100;47;0.2;0;1;0.43;12.14;1.7;0;vitamin a
Epazote;100;32;0.5;0;43;0.33;7.44;3.8;0;vitamin a
Pumpkin;100;26;0.1;0;1;1;6.5;0.5;2.76;vitamin a
Cardoon;100;17;0.1;0;170;0.7;4.07;1.6;0;vitamin c
Abiyuch;100;69;0.1;0;20;1.5;17.6;5.3;8.55;vitamin a
Pummelo;100;38;0;0;1;0.76;9.62;1;0;vitamin c
Quinces;100;57;0.1;0;4;0.4;15.3;1.9;0;vitamin a
Cracker meal;100;383;1.7;0;16;9.3;80.9;2.6;0.33;vitamin e
Roselle;100;49;0.6;0;6;0.96;11.31;0;0;vitamin a
Soursop;100;66;0.3;0;14;1;16.84;3.3;13.54;vitamin c
Millet flour;100;382;4.3;0;4;10.75;75.12;3.5;1.66;vitamin k
Arugula;100;25;0.7;0;27;2.58;3.65;1.6;2.05;vitamin a
Potato flour;100;357;0.3;0;55;6.9;83.1;5.9;3.52;vitamin c
Spinach;100;23;0.4;0;79;2.86;3.63;2.2;0.42;vitamin a
Phyllo dough;100;299;6;0;483;7.1;52.6;1.9;0.18;vitamin k
Cassava;100;160;0.3;0;14;1.36;38.06;1.8;1.7;vitamin c
Turnips;100;28;0.1;0;67;0.9;6.43;1.8;3.8;vitamin c
Bananas;100;89;0.3;0;1;1.09;22.84;2.6;12.23;vitamin a
Papayas;100;43;0.3;0;8;0.47;10.82;1.7;7.82;vitamin a
Fruit syrup;100;341;0;0;0;0;85.13;0.1;53;vitamin a
Carob flour;100;222;0.7;0;35;4.62;88.88;39.8;49.08;vitamin a
Prune puree;100;257;0.2;0;23;2.1;65.1;3.3;39;vitamin a
Salt;100;0;0;0;38758;0;0;0;0;vitamin a
Tofu;100;270;20;0;16;18.82;8.86;3.9;2.72;vitamin a
Borage;100;21;0.7;0;80;1.8;3.06;0;0;vitamin a
Mangos;100;60;0.4;0;1;0.82;14.98;1.6;13.66;vitamin a
Garlic;100;149;0.5;0;17;6.36;33.06;2.1;1;vitamin b6
Endive;100;17;0.2;0;22;1.25;3.35;3.1;0.25;vitamin a
Tofu yogurt;100;94;1.8;0;35;3.5;15.96;0.2;1.24;vitamin a
Celery;100;16;0.2;0;80;0.69;2.97;1.6;1.34;vitamin a
Feijoa;100;61;0.4;0;3;0.71;15.21;6.4;8.2;vitamin c
Jujube;100;79;0.2;0;3;1.2;20.23;0;0;vitamin c
Clif Z bar;100;409;9.7;0;375;5.55;74.72;8.3;30.56;vitamin c
Fish broth;100;16;0.6;0;318;2;0.4;0;0.09;vitamin a
Eppaw;100;150;1.8;0;12;4.6;31.68;0;0;vitamin c
Limes;100;30;0.2;0;2;0.7;10.54;2.8;1.69;vitamin a
Plums;100;46;0.3;0;0;0.7;11.42;1.4;9.92;vitamin a
Rowal;100;111;2;0;4;2.3;23.9;6.2;14.1;vitamin a
Beets;100;43;0.2;0;78;1.61;9.56;2.8;6.76;vitamin a
Buckwheat;100;343;3.4;0;1;13.25;71.5;10;0;vitamin b6
Triticale;100;336;2.1;0;5;13.05;72.13;0;0;vitamin e
Rye grain;100;338;1.6;0;2;10.34;75.86;15.1;0.98;vitamin a
Dock;100;22;0.7;0;4;2;3.2;2.9;0;vitamin a
Okra;100;33;0.2;0;7;1.93;7.45;3.2;1.48;vitamin a
Goat;100;109;2.3;57;82;20.6;0;0;0;vitamin b12
Molasses;100;290;0.1;0;37;0;74.73;0;74.72;vitamin b6
Zwieback;100;426;9.7;8;227;10.1;74.2;2.5;12.5;vitamin a
Yam;100;118;0.2;0;9;1.53;27.88;4.1;0.5;vitamin a
Jellies;100;266;0;0;30;0.15;69.95;1;51.22;vitamin a
Eggnog;100;88;4.2;59;54;4.55;8.05;0;8.05;vitamin a
Honey;100;304;0;0;4;0.3;82.4;0.2;82.12;vitamin c
Natto;100;211;11;0;7;19.4;12.68;5.4;4.89;vitamin k
Okara;100;76;1.7;0;9;3.52;12.23;0;0;vitamin b6
Papad;100;371;3.3;4;1745;25.56;59.87;18.6;0;vitamin a
Lard;100;902;100;95;0;0;0;0;0;vitamin d
Oats;100;389;6.9;0;2;16.89;66.27;10.6;0;vitamin b6
Miso;100;198;6;0;3728;12.79;25.37;5.4;6.2;vitamin a
Poi;100;112;0.1;0;12;0.38;27.23;0.4;0.39;vitamin a
Winged bean leaves;100;74;1.1;0;9;5.85;14.1;0;0;vitamin a
Wheat flour;100;340;2.5;0;2;13.21;71.97;10.7;0.41;vitamin a
CRACKER BARREL;100;175;13;11;110;0.89;13.01;1.6;11.07;vitamin a
Noodles;100;475;15;0;1174;8.11;72.8;3.7;5.71;vitamin e
Triticale flour;100;338;1.8;0;2;13.18;73.14;14.6;0;vitamin e
Smelt;100;386;18;249;420;56.19;0;0;0;vitamin a
Poultry salad sandwich spread;100;200;14;30;653;11.64;7.41;0;0;vitamin a
Yogurt;100;95;0.2;2;58;4.4;19;0;19;vitamin a
HOUSE FOODS Premium Firm Tofu;100;85;4.2;0;33;10.92;0.97;0.9;0.4;vitamin c
Dove;100;213;13;116;57;23.9;0;0;0;vitamin a
Beverages;100;48;0;0;12;0;12.3;0;0;vitamin a
Kefir;100;41;0.9;5;40;3.79;4.48;0;4.61;vitamin a
Cheese substitute;100;248;12;0;685;11.47;23.67;0;23.67;vitamin a
Crustaceans;100;90;1.2;55;539;18.5;0;0;0;vitamin a
SILK Light Chocolate;100;49;0.6;0;41;2.06;9.05;0.8;7.82;vitamin a
KELLOGG'S;100;367;0.4;0;638;7.5;84.4;1.2;9.3;vitamin a
Turkey Pot Pie;100;176;8.8;16;350;6.5;17.7;1.1;0;vitamin a
Peanut butter;100;590;50;0;203;24;21.83;6.6;9.29;vitamin e
Turkey;100;112;1.9;67;118;22.64;0.14;0;0.07;vitamin a
Popovers;100;371;4.3;0;906;10.4;71;0;0;vitamin c
Lemon grass (citronella);100;99;0.5;0;6;1.82;25.31;0;0;vitamin a
GIRL SCOUTS;100;498;23;1;343;5.7;68;1.6;20.7;vitamin a
Pulled pork in barbecue sauce;100;168;4.4;35;666;13.19;18.74;1.2;15.2;vitamin a
Bison;100;146;7.2;55;70;20.23;0.05;0;0;vitamin b12
Pineapple;100;50;0.1;0;1;0.54;13.12;1.4;9.85;vitamin a
Cereals ready-to-eat;100;388;6.3;0;8;9.5;73.8;8.5;23.2;vitamin a
Leavening agents;100;0;0;0;27360;0;0;0;0;vitamin a
English muffins;100;203;2.1;0;364;8.8;40.4;6.7;8.09;vitamin a
Apples;100;57;0.1;0;1;0.25;13.68;2.3;10.37;vitamin a
Peanut spread;100;650;55;0;292;24.8;14.23;7.8;6.35;vitamin e
Beerwurst;100;238;19;59;1240;14.24;2.06;0;0;vitamin d
Tree fern;100;40;0.1;0;241;0.29;10.78;3.7;0;vitamin a
Pheasant;100;181;9.3;71;40;22.7;0;0;0;vitamin a
Squash;100;40;0.5;0;7;2;8.7;3.9;3.95;vitamin a
Rambutan;100;82;0.2;0;11;0.65;20.87;0.9;0;vitamin c
PEPPERIDGE FARM;100;280;5.1;1;511;0.01;50.2;1.6;5.1;vitamin a
Orange Pineapple Juice Blend;100;51;0.1;0;4;0.41;12.2;0.2;10.57;vitamin c
ON THE BORDER;100;144;5;6;378;7.3;17.52;8.2;0.84;vitamin k
Cornmeal;100;362;3.6;0;35;8.12;76.89;7.3;0.64;vitamin a
Kanpyo;100;258;0.6;0;15;8.58;65.03;9.8;0;vitamin b6
Pancakes;100;269;1.9;24;429;5.71;57.32;1;8.57;vitamin a
Tennis Bread;100;258;1.1;0;810;9;53.26;2.6;3.01;vitamin k
Cockles;100;79;0.7;0;0;13.5;4.7;0;0;vitamin a
Lettuce;100;17;0.3;0;8;1.23;3.29;2.1;1.19;vitamin a
Dessert topping;100;264;22;0;62;0.98;16.07;0;16.07;vitamin a
Pinon Nuts;100;541;34;0;310;7.41;51.06;43.4;0;vitamin e
Mothbeans;100;343;1.6;0;30;22.94;61.52;0;0;vitamin a
Cranberry juice;100;46;0.1;0;2;0.39;12.2;0.1;12.1;vitamin a
Cake;100;404;5.5;0;604;4.7;84.1;1.3;0;vitamin a
Buckwheat flour;100;335;3.1;0;11;12.62;70.59;10;2.6;vitamin k
Sweet potato;100;101;0.2;0;75;1.98;23.19;1.7;5.45;vitamin a
Rice;100;367;3.2;0;5;7.54;76.25;3.6;0.66;vitamin e
Alfalfa seeds;100;23;0.7;0;6;3.99;2.1;1.9;0.2;vitamin a
SMART SOUP;100;40;0.5;0;138;1.7;8.4;2.7;2.7;vitamin a
Milk shakes;100;119;2.7;11;111;3.05;21.15;0.3;20.85;vitamin a
Grapefruit juice;100;39;0.1;0;1;0.5;9.2;0.1;9.1;vitamin c
HEALTHY REQUEST Tomato juice;100;21;0;0;198;0.82;4.53;0.8;3.7;vitamin a
Puddings;100;108;2.2;12;97;3.23;18.39;0.3;11.59;vitamin a
Pie fillings;100;115;0.1;0;18;0.37;28;0.6;0;vitamin a
SILK Black Cherry soy yogurt;100;88;1.2;0;12;2.35;17.06;0.6;11.76;vitamin c
Chrysanthemum;100;24;0.6;0;118;3.36;3.02;3;0;vitamin a
Stew;100;55;0.5;0;222;6.6;6;0.5;0;vitamin a
Radish seeds;100;43;2.5;0;6;3.81;3.6;0;0;vitamin a
MORI-NU;100;62;2.7;0;36;6.9;2.4;0.1;1.27;vitamin b6
Corn pudding;100;131;5;72;282;4.42;16.97;1.2;6.59;vitamin a
Beef sausage;100;332;28;82;813;18.21;0.35;0;0;vitamin a
Luncheon meat;100;334;30;62;1289;12.5;2.1;0;0;vitamin d
Vinespinach;100;19;0.3;0;24;1.8;3.4;0;0;vitamin a
OSCAR MAYER;100;316;29;64;1179;11.05;2.45;0;1.4;vitamin d
CHICK-FIL-A;100;228;11;56;577;21.4;10.39;0.9;1.24;vitamin e
Edamame;100;109;4.7;0;6;11.22;7.61;4.8;2.48;vitamin k
Cereals;100;370;0.5;0;6;6.3;82.4;0.7;0.3;vitamin b6
LEAN POCKETS;100;230;6.5;20;423;10.28;32.52;1.7;7.6;vitamin d
SILK French Vanilla Creamer;100;133;6.7;0;67;0;20;0;20;vitamin a
HORMEL Canadian Style Bacon;100;122;4.9;49;1016;16.88;1.87;0;1.43;vitamin c
Brotwurst;100;323;28;63;1112;14.3;2.98;0;2.98;vitamin d
Pork;100;297;21;94;73;25.69;0;0;0;vitamin d
Ham and cheese loaf or roll;100;241;19;58;1000;13.6;4;0;0;vitamin d
BURGER KING;100;292;15;44;859;18.2;20.49;1.3;0;vitamin a
Light ice cream;100;165;3.1;8;46;1.54;32.75;0;18.46;vitamin a
Sandwich spread;100;235;17;38;1013;7.66;11.94;0.2;0;vitamin a
Potato salad;100;143;8.2;68;529;2.68;11.17;1.3;0;vitamin a
Corn dogs;100;250;12;44;668;8.57;26.96;1;7.54;vitamin a
Persimmons;100;274;0.6;0;2;1.38;73.43;14.5;0;vitamin a
Carambola;100;31;0.3;0;2;1.04;6.73;2.8;3.98;vitamin a
Beans;100;155;5.2;5;422;5.54;21.63;5.5;0;vitamin c
SILK Light Vanilla;100;33;0.8;0;39;2.47;4.12;0.4;2.88;vitamin a
Spaghetti;100;130;0.6;0;14;4.58;26.15;0;0;vitamin a
Bockwurst;100;301;26;93;756;14.03;2.95;1;1.33;vitamin a
Guinea hen;100;110;2.5;63;69;20.64;0;0;0;vitamin a
Turkey sausage;100;155;8.1;75;593;18.79;0.47;0;0;vitamin a
Pomegranate juice;100;54;0.3;0;9;0.15;13.13;0.1;12.65;vitamin k
Nance;100;73;1.2;0;3;0.66;16.97;7.5;8.31;vitamin c
Vegetable oil;100;862;100;0;0;0;0;0;0;vitamin k
Canadian bacon;100;110;2.6;48;751;20.31;1.34;0;0.9;vitamin d
SILK Very Vanilla;100;53;1.7;0;58;2.47;7.82;0.4;6.58;vitamin a
Bratwurst;100;176;10;71;72;19.44;0;0;0;vitamin a
Sorghum flour;100;359;3.3;0;3;8.43;76.64;6.6;1.94;vitamin k
MOTHER'S;100;552;34;3;284;6.1;55.7;4.1;25.4;vitamin b6
Java-plum;100;60;0.2;0;14;0.72;15.56;0;0;vitamin c
Dip;100;119;3.7;0;443;5.44;15.89;4.9;0.99;vitamin k
SWANSON;100;71;4;7;460;4.7;4.03;0.7;0.67;vitamin a
Cream substitute;100;529;33;0;124;2.48;59.29;0;7.77;vitamin k
Carissa;100;62;1.3;0;3;0.5;13.63;0;0;vitamin a
Mayonnaise;100;322;32;0;773;5.95;3.06;1.1;0.85;vitamin k
SILK Strawberry soy yogurt;100;94;1.2;0;15;2.35;18.24;0.6;12.94;vitamin c
Ice cream cookie sandwich;100;240;7.4;6;162;3.7;39.6;1.2;21.3;vitamin a
Chrysanthemum leaves;100;24;0.6;0;118;3.36;3.01;3;0;vitamin a
Barbecue loaf;100;173;8.9;37;1334;15.84;6.4;0;0;vitamin a
Corned beef loaf;100;153;6.1;47;953;22.9;0;0;0;vitamin b12
Mustard;100;60;3.3;0;1104;3.74;5.83;4;0.92;vitamin a
Lemons;100;29;0.3;0;2;1.1;9.32;2.8;2.5;vitamin c
Mammy-apple;100;51;0.5;0;15;0.5;12.5;3;0;vitamin a
Luncheon slices;100;189;11;0;711;17.78;4.44;1.1;2.22;vitamin b12
Vermicelli;100;331;0.1;0;4;0.1;82.32;3.9;17.44;vitamin a
Frozen yogurts;100;127;3.6;13;63;3;21.6;2.3;19.24;vitamin a
Mountain yam;100;67;0.1;0;13;1.34;16.3;2.5;0.31;vitamin c
Campbell's Pork and Beans;100;108;1.2;4;338;4.62;19.23;5.4;6.15;vitamin a
SILK Unsweetened;100;33;1.7;0;35;2.88;1.65;0.4;0.41;vitamin a
Lupins;100;371;9.7;0;15;36.17;40.37;18.9;0;vitamin c
Avocados;100;167;15;0;8;1.96;8.64;6.8;0.3;vitamin a
Peppered loaf;100;149;6.4;46;732;17.3;4.53;0;4.61;vitamin d
Gelatin desserts;100;381;0;0;466;7.8;90.5;0;86.04;vitamin b6
Smoked link sausage;100;309;28;61;827;11.98;0.94;0;0.94;vitamin d
Shake;100;148;6.5;23;81;3.37;19.59;0.9;13.63;vitamin a
Jerusalem-artichokes;100;73;0;0;4;2;17.44;1.6;9.6;vitamin a
Side dishes;100;114;6;60;328;1.53;13.53;0;0;vitamin a
Rice and Wheat cereal bar;100;409;9.1;0;500;9.09;72.73;1.8;31.8;vitamin e
SILK Light Plain;100;29;0.8;0;49;2.47;3.29;0.4;2.47;vitamin a
SILK Raspberry soy yogurt;100;88;1.2;0;15;2.35;17.65;0.6;12.94;vitamin c
SILK Blueberry soy yogurt;100;88;1.2;0;15;2.35;17.06;0.6;12.35;vitamin c
Sweet potato leaves;100;42;0.5;0;6;2.49;8.82;5.3;0;vitamin a
Turkey bacon;100;368;26;153;2021;29.5;4.24;0;4.24;vitamin a
Salad dressing;100;390;33;26;710;0.9;23.8;0.1;20.11;vitamin k
Beef stew;100;99;5.5;13;388;4.41;7.85;0.9;1.76;vitamin a
Honey roll sausage;100;182;11;50;1322;18.58;2.18;0;0;vitamin d
Fungi;100;284;0.7;0;35;9.25;73.01;70.1;0;vitamin b6
New Zealand spinach;100;14;0.2;0;130;1.5;2.5;1.5;0.29;vitamin a
SILK Plus Fiber;100;41;1.4;0;39;2.47;5.76;2.1;2.88;vitamin a
Animal fat;100;897;100;95;150;0;0;0;0;vitamin d
Chili with beans;100;103;3.8;17;423;6.12;13.24;3.3;1.65;vitamin a
CAMPBELL'S;100;21;0;0;280;0.82;4.12;0.8;2.88;vitamin a
Guanabana nectar;100;59;0.2;0;8;0.11;14.93;0.1;13.07;vitamin c
Jellyfish;100;36;1.4;5;9690;5.5;0;0;0;vitamin a
Amaranth grain;100;371;7;0;4;13.56;65.25;6.7;1.69;vitamin c
Jew's ear;100;25;0;0;9;0.48;6.75;0;0;vitamin c
Turkey and gravy;100;67;2.6;18;554;5.88;4.61;0;0;vitamin a
Cowpeas;100;29;0.3;0;7;4.1;4.82;0;0;vitamin a
Blackberry juice;100;38;0.6;0;1;0.3;7.8;0.1;7.7;vitamin a
SILK Key Lime soy yogurt;100;88;1.2;0;15;2.35;17.65;0.6;12.35;vitamin c
Egg Mix;100;555;35;975;576;35.6;23.97;0;2.46;vitamin a
Water;100;0;0;0;2;0;0;0;0;vitamin a
Picnic loaf;100;232;17;38;1164;14.92;4.76;0;0;vitamin d
Breakfast tart;100;372;6;0;361;3.99;76.8;1.5;4.87;vitamin a
Mango;100;319;1.2;0;162;2.45;78.58;2.4;66.27;vitamin a
Malabar spinach;100;23;0.8;0;55;2.98;2.71;2.1;0;vitamin a
Pumpkin pie mix;100;104;0.1;0;208;1.09;26.39;8.3;0;vitamin a
SCHIFF;100;422;14;2;168;16.8;56.46;2.3;36.4;vitamin b6
Pickles;100;11;0.2;0;1208;0.33;2.26;1.2;1.06;vitamin a
Octopus (Alaska Native);100;56;0.8;41;0;12.3;0;0;0;vitamin a
Tamarind nectar;100;57;0.1;0;7;0.09;14.73;0.5;12.7;vitamin c
Soy meal;100;337;2.4;0;3;49.2;35.89;0;0;vitamin a
KASHI;100;192;7.1;0;476;5.7;34.6;9;4.6;vitamin a
SILK Chocolate;100;58;1.4;0;41;2.06;9.47;0.8;7.82;vitamin a
Sweetener;100;310;0.5;0;4;0.09;76.37;0.2;68.03;vitamin a
Egg substitute;100;444;13;572;800;55.5;21.8;0;21.8;vitamin a
Chickpea flour (besan);100;387;6.7;0;64;22.39;57.82;10.8;10.85;vitamin a
Chorizo;100;455;38;88;1235;24.1;1.86;0;0;vitamin d
Falafel;100;333;18;0;294;13.31;31.84;0;0;vitamin a
Melon;100;21;0.2;0;11;0.84;4.06;0.3;3.36;vitamin c
Mortadella;100;311;25;56;1246;16.37;3.05;0;0;vitamin d
Soy sauce made from soy (tamari);100;60;0.1;0;5586;10.51;5.57;0.8;1.7;vitamin b6
Hyacinth beans;100;344;1.7;0;21;23.9;60.74;25.6;0;vitamin b6
Cloudberries;100;51;0.8;0;0;2.4;8.6;0;0;vitamin a
SPAGHETTIOS;100;67;0.4;2;238;2.38;13.89;1.2;4.76;vitamin a
Whale;100;291;23;0;0;19.6;0;0;0;vitamin a
Pasta mix;100;354;1.8;0;1537;12.32;72.2;2;4.95;vitamin c
Mayonnaise dressing;100;688;78;0;486;0;0.3;0;0.3;vitamin k
Walrus;100;251;2.6;0;0;57;0;0;0;vitamin a
Seal;100;116;3.3;0;0;18.6;2.9;0;0;vitamin a
Restaurant;100;293;14;59;482;14.33;26.88;0.7;15.98;vitamin a
ARCHWAY Home Style Cookies;100;421;14;10;394;5.48;68.17;2.9;34.5;vitamin a
Lasagna;100;145;4.2;11;312;5.06;21.61;1.7;3.8;vitamin a
Tea;100;2;0.2;0;0;0.12;0;0;0;vitamin a
SUNSHINE;100;491;23;5;809;11;61;2.5;0.5;vitamin a
Chocolate-flavored hazelnut spread;100;541;30;0;41;5.41;62.16;5.4;54.05;vitamin e
Baking chocolate;100;426;16;0;3;3.64;77.41;4;69.4;vitamin k
Corn flour;100;363;3.7;0;5;8.46;76.59;6.4;0;vitamin a
Salisbury steak with gravy;100;149;10;33;509;6.98;6.78;1;0.26;vitamin a
Grapefruit;100;37;0.1;0;0;0.88;9.09;0;0;vitamin c
Turkey breast;100;100;2.4;50;922;16.33;2.34;0;3.28;vitamin d
Acerola;100;32;0.3;0;7;0.4;7.69;1.1;0;vitamin c
Burrito;100;298;12;9;659;8.73;38.95;6.9;1.36;vitamin a
Stew/soup;100;41;0.7;0;72;3.8;4.8;0.1;0;vitamin a
Cheese sauce;100;197;15;38;493;10.33;5.48;0.1;0.19;vitamin a
Bread stuffing;100;389;4.2;0;1429;10;76.7;14.3;13.16;vitamin a
Huckleberries;100;37;0.1;0;10;0.4;8.7;0;0;vitamin a
SILK Plus for Bone Health;100;41;1.4;0;39;2.47;4.53;0.8;2.88;vitamin a
Reddi Wip Fat Free Whipped Topping;100;149;5;16;72;3;25;0.4;16;vitamin a
Boysenberries;100;88;0.1;0;3;0.99;22.31;2.6;0;vitamin a
Hush puppies;100;337;14;45;668;7.7;46;2.8;2.03;vitamin a
Doughnuts;100;412;18;11;345;3.1;59.5;1.2;35.11;vitamin a
Duck;100;135;6;77;74;18.28;0.94;0;0;vitamin a
Knackwurst;100;307;28;60;930;11.1;3.2;0;0;vitamin d
Seasoning mix;100;322;0;0;7203;4.5;58;13.3;10.83;vitamin a
Artichokes;100;47;0.2;0;94;3.27;10.51;5.4;0.99;vitamin k
Salmonberries;100;47;0.3;0;14;0.85;10.05;1.9;3.66;vitamin a
Gourd;100;20;0.2;0;3;1.2;4.35;1.1;2.02;vitamin a
Desserts;100;383;0;0;6;0;99;0;0;vitamin b6
Puff pastry;100;551;38;0;249;7.3;45.1;1.5;0.74;vitamin k
Macaroni and cheese;100;149;6.4;10;290;5.6;17.28;1.1;1.53;vitamin a
Turkey from whole;100;114;1.5;57;113;23.66;0.14;0;0.05;vitamin a
Lemonade;100;192;0.7;0;4;0.22;48.86;0.3;46.46;vitamin c
Macaroni;100;367;1;0;43;13.14;74.88;4.3;0;vitamin a
Sea cucumber;100;56;0.4;0;0;13;0;0;0;vitamin a
Cranberry sauce;100;159;0.2;0;5;0.9;40.4;1.1;31.75;vitamin a
Focaccia;100;249;7.9;0;561;8.77;35.82;1.8;1.75;vitamin k
Vitasoy USA;100;54;1.7;0;34;8.3;1.3;0.6;0.2;vitamin a
Peanut butter with omega-3;100;608;54;0;356;24.47;17;6.1;3.11;vitamin e
Frybread;100;309;10;4;671;8.38;46.01;1.7;1.54;vitamin e
Parmesan cheese topping;100;370;5;20;1150;40;40;0;1.5;vitamin a
T.G.I. FRIDAY'S;100;333;19;43;738;15.82;25.33;2.2;1.45;vitamin a
Bear;100;155;8.3;0;0;20.1;0;0;0;vitamin a
Potato puffs;100;192;9.1;0;463;2.13;27.29;2;0.27;vitamin a
NABISCO;100;424;10;0;659;6.99;76.2;3.4;23;vitamin b6
CARRABBA'S ITALIAN GRILL;100;191;11;31;524;10.48;12.36;1.3;2.77;vitamin a
Caribou;100;326;31;0;0;10.8;0;0;0;vitamin a
Alcoholic beverage;100;50;0;0;626;0.5;6.3;0;1.55;vitamin b6
Frostings;100;371;0;0;234;2.3;94.9;0;0;vitamin b12
Mouse nuts;100;81;0.1;0;0;3.9;16.1;0;0;vitamin c
Buckwheat groats;100;92;0.6;0;4;3.38;19.94;2.7;0.9;vitamin k
Refried beans;100;83;0.9;0;430;5.28;13.5;4.7;0.59;vitamin b6
Kielbasa;100;333;29;73;1046;12.36;4.78;0;2.38;vitamin a
Yardlong beans;100;347;1.3;0;17;24.33;61.91;11;0;vitamin a
Mush;100;54;0.5;0;8;0.66;11.74;1.1;0.19;vitamin b6
Gelatins;100;335;0.1;0;196;85.6;0;0;0;vitamin b6
Winged beans;100;49;0.9;0;4;6.95;4.31;0;0;vitamin a
Cranberry juice cocktail;100;54;0.1;0;2;0;13.52;0;11.87;vitamin c
Dressing;100;169;1.5;1;1004;1.07;38.43;1.2;17.75;vitamin a
Pie crust;100;518;31;0;753;6.9;52.1;0;0;vitamin b6
SILK Banana-Strawberry soy yogurt;100;88;1.2;0;15;2.35;17.06;0.6;10.59;vitamin c
Whipped topping;100;224;13;2;72;3;23.6;0;23.6;vitamin a
Vitasoy USA Azumaya;100;43;2.4;0;0;4.82;0.58;0.2;0.2;vitamin a
Ice cream;100;222;13;91;61;4.1;22.2;0.7;21.16;vitamin a
Moose;100;103;1.5;54;65;22.3;0;0;0;vitamin c
Bread crumbs;100;395;5.3;0;732;13.35;71.98;4.5;6.2;vitamin k
Oven-roasted chicken breast roll;100;134;7.7;39;883;14.59;1.79;0;0.43;vitamin k
WEND'YS;100;278;14;0;0;11.72;26.36;0;3.13;vitamin a
Mutton;100;234;11;109;135;33.43;0.08;0;0;vitamin b12
Cheesecake commercially prepared;100;321;23;55;438;5.5;25.5;0.4;21.8;vitamin a
Vegetable juice cocktail;100;22;0.3;0;169;0.93;3.87;0.5;2.84;vitamin a
Coriander (cilantro) leaves;100;23;0.5;0;46;2.13;3.67;2.8;0.87;vitamin a
Mashu roots;100;135;2.4;0;0;5.8;22.6;0;0;vitamin a
Succotash;100;99;1;0;4;5.03;19.59;3.8;0;vitamin a
Pepperoni;100;504;46;97;1582;19.25;1.18;0;0;vitamin d
Frozen novelties;100;128;0;0;22;0.4;32.6;0;32.6;vitamin c
Cheese spread;100;295;29;90;436;7.1;3.5;0;3.5;vitamin a
Salsify;100;82;0.2;0;20;3.3;18.6;3.3;0;vitamin c
Passion-fruit juice;100;60;0.2;0;6;0.67;14.45;0.2;14.25;vitamin a
Cheese food;100;331;24;64;966;19.66;8.32;0;0;vitamin a
Soymilk;100;63;1.5;0;53;2.26;9.95;0.4;7.86;vitamin a
Chicken patty;100;292;20;45;518;14.33;13.61;1.2;0;vitamin a
Liver sausage;100;326;29;158;860;14.1;2.2;0;0;vitamin a
Lima beans;100;113;0.9;0;8;6.84;20.17;4.9;1.48;vitamin a
Carbonated beverage;100;51;0;0;12;0;13.3;0;13.3;vitamin a
Alcoholic beverages;100;83;0;0;5;0.36;3.8;0;3.8;vitamin b6
Eggs;100;131;5.6;277;162;13.1;7.5;0;7.5;vitamin a
Soymilk (All flavors);100;45;2;0;50;2.94;3.45;0.4;2.53;vitamin a
Broadbeans;100;72;0.6;0;50;5.6;11.7;4.2;0;vitamin a
Pigeonpeas;100;136;1.6;0;5;7.2;23.88;5.1;3;vitamin a
Squab;100;142;7.5;90;51;17.5;0;0;0;vitamin a
Luncheon sausage;100;260;21;64;1182;15.38;1.58;0;0;vitamin b12
Wheat flours;100;361;1.7;0;2;11.98;72.53;2.4;0.31;vitamin a
Cranberry-orange relish;100;178;0.1;0;32;0.3;46.2;0;0;vitamin a
BEAR NAKED;100;443;21;0;133;7.5;61.6;7.1;29.4;vitamin e
Pizza rolls;100;328;10;6;599;8.73;50.72;1.2;3.74;vitamin a
Mungo beans;100;341;1.6;0;38;25.21;58.99;18.3;0;vitamin a
Ravioli;100;77;1.5;3;306;2.48;13.64;1.3;3.72;vitamin a
Cocoa;100;228;14;0;21;19.6;57.9;37;1.75;vitamin k
OLIVE GARDEN;100;184;11;40;450;11.28;10.33;1.6;3.53;vitamin a
Mangosteen;100;73;0.6;0;7;0.41;17.91;1.8;0;vitamin a
Flan;100;348;0;0;432;0;91.6;0;0;vitamin a
Vegetarian meatloaf or patties;100;197;9;0;550;21;8;4.6;1.2;vitamin b6
Oat flour;100;404;9.1;0;19;14.66;65.7;6.5;0.8;vitamin k
Pitanga;100;33;0.4;0;3;0.8;7.49;0;0;vitamin a
Topping;100;609;44;2;29;2.94;50.07;2.9;47.06;vitamin a
SILK Plus Omega-3 DHA;100;45;2.1;0;49;2.88;3.29;0.4;2.47;vitamin a
Pickle and pimiento loaf;100;225;16;58;1040;11.23;8.46;1.5;8.46;vitamin a
Chili;100;118;7.1;21;411;7.53;6.1;0.5;1.1;vitamin a
Game meat ;100;223;16;70;66;18.67;0;0;0;vitamin b12
Tomato products;100;24;0.3;0;474;1.2;5.31;1.5;3.56;vitamin a
HOUSE FOODS Premium Soft Tofu;100;59;2.7;0;34;6.38;2.19;0.8;0.53;vitamin a
Mung beans;100;347;1.2;0;15;23.86;62.62;16.3;6.6;vitamin a
Sugar-apples;100;94;0.3;0;9;2.06;23.64;4.4;0;vitamin c
Potato soup;100;343;3.1;12;2400;9.2;76.14;7.6;10;vitamin a
Pokeberry shoots;100;23;0.4;0;23;2.6;3.7;1.7;0;vitamin a
BARBARA DEE;100;515;26;0;290;3.9;67.1;2;35.8;vitamin a
Peas and carrots;100;53;0.5;0;79;3.4;11.15;3.4;0;vitamin a
Squirrel;100;111;3.8;0;0;19.3;0;0;0;vitamin a
"PIZZA HUT 14"" Pepperoni Pizza";100;291;13;23;676;11.47;31.79;2;1.95;vitamin k
Pasta with tomato sauce;100;70;0.4;1;272;2.22;14.22;0.9;4;vitamin a
Lasagna with meat & sauce;100;124;4.4;14;347;6.63;14.39;1.4;2.96;vitamin a
Cowpeas (blackeyes);100;90;0.4;0;4;2.95;18.83;5;3;vitamin a
Egg rolls;100;197;4.5;14;478;10.44;28.54;2.4;5.57;vitamin a
Spaghetti with meat sauce;100;90;1;6;238;5.05;15.24;1.8;2.6;vitamin a
"PAPA JOHN'S 14"" Cheese Pizza";100;295;16;28;528;12.29;26.26;2.3;3.85;vitamin a
Yachtwurst;100;268;23;64;936;14.8;1.4;0;0;vitamin a
WORTHINGTON Leanies;100;251;17;3;1078;19.5;6.1;3.8;1.2;vitamin b12
Turkey sticks;100;279;17;64;838;14.2;17;0;0;vitamin a
Potato chips;100;487;21;0;8;7.1;67.8;6.1;0.22;vitamin c
Sea lion;100;120;1.9;64;62;25.85;0;0;0;vitamin d
LOMA LINDA Linketts;100;209;12;0;401;21.3;4.4;3;0.3;vitamin b12
WORTHINGTON FriPats;100;209;9.1;2;517;23.7;8;2.8;1.4;vitamin b12
Owl;100;136;5;0;0;22.7;0;0;0;vitamin a
Cheesefurter;100;328;29;68;1082;14.1;1.51;0;1.51;vitamin a
HEALTHY REQUEST;100;73;1.2;0;331;1.61;13.71;0.8;8.06;vitamin a
Butter replacement;100;373;1;2;1200;2;89;0;5.3;vitamin a
JACKSON'S;100;453;15;11;390;5;74;1.1;33.9;vitamin b6
SCHAR;100;239;2.7;0;593;3.34;50.47;5.1;6.87;vitamin b6
Formulated Bar;100;412;15;3;436;30.34;38.4;7.3;15.17;vitamin a
PIZZA HUT;100;343;13;7;539;12.2;44.48;2.4;1.11;vitamin b6
Popcorn;100;381;1.4;0;286;2;90.06;2.5;64.68;vitamin a
"PIZZA HUT 14"" Sausage Pizza";100;287;14;23;596;11.08;29.56;2;1.82;vitamin c
Tomato and vegetable juice;100;22;0.1;0;58;0.6;4.59;0.8;3.28;vitamin a
Tortillas;100;218;2.9;0;45;5.7;44.64;6.3;0.88;vitamin a
Toaster pastries;100;370;8;0;361;4.06;72.64;2.3;27.24;vitamin e
Biscuits;100;428;15;2;1276;8;63.4;2.1;11.65;vitamin k
Cream puff shell;100;360;26;171;483;9;22.8;0.8;0.25;vitamin a
Braunschweiger (a liver sausage);100;327;29;180;977;14.5;3.1;0;0;vitamin a
Chilchen (Red Berry Beverage) (Navajo);100;44;0.6;0;15;0.81;8.68;0;2.6;vitamin b6
ANDREA'S;100;257;8.2;0;544;5.65;40.24;2.9;2.98;vitamin e
Sauerkraut;100;19;0.1;0;661;0.91;4.28;2.9;1.78;vitamin a
Strawberry-flavor beverage mix;100;389;0.2;0;38;0.1;99.1;0;95.45;vitamin c
Sweeteners;100;279;0;0;2;0;76.1;0.1;76;vitamin a
Sourdock;100;42;0.7;0;0;2.3;6.5;0;0;vitamin a
Sweet Potato puffs;100;161;3.6;0;250;1.36;30.72;1.9;7.65;vitamin a
AUSTIN;100;484;22;0;582;7.6;65.7;2;16.7;vitamin a
Keikitos (muffins);100;467;25;0;0;6.81;53.16;1.2;25.81;vitamin a
Willow;100;592;61;0;0;2.6;8.1;0;0;vitamin a
WORTHINGTON Chili;100;126;4.5;0;453;10.4;10.9;3.4;1.3;vitamin b12
Vitasoy USA Organic Nasoya;100;70;3.5;0;0;8.76;0.74;0.6;0.3;vitamin a
Tortilla chips;100;497;22;0;310;6.62;67.38;4.7;1.21;vitamin a
Waterchestnuts;100;97;0.1;0;14;1.4;23.94;3;4.8;vitamin c
Vegetables;100;72;0.5;0;47;3.33;13.47;4;0;vitamin a
Ascidians (tunughnak) (Alaska Native);100;20;0.5;7;656;3.8;0;0;0;vitamin a
Spanish rice mix;100;363;1.6;0;1085;10.62;76.45;3.1;3.83;vitamin a
Waffles;100;285;9.7;14;638;6.47;42.98;2.2;4.91;vitamin a
Chocolate;100;546;31;8;24;4.88;61.17;7;47.9;vitamin a
Beef Pot Pie;100;220;11;21;365;7.25;22.05;0.8;0;vitamin k
"PIZZA HUT 12"" Cheese Pizza";100;280;13;21;624;11.73;29.93;1.7;3.21;vitamin a
Balsam-pear (bitter gourd);100;17;0.2;0;5;1;3.7;2.8;0;vitamin a
New england brand sausage;100;161;7.6;49;1220;17.27;4.83;0;0;vitamin b12
Custard-apple;100;101;0.6;0;4;1.7;25.2;2.4;0;vitamin a
"PIZZA HUT 14"" Cheese Pizza";100;276;11;18;580;10.85;32.85;2.1;2.47;vitamin k
SILK Vanilla soy yogurt (family size);100;79;1.8;0;13;2.64;13.66;0.4;10.57;vitamin d
Tomato juice;100;17;0.3;0;253;0.85;3.53;0.4;2.58;vitamin a
Tamales;100;168;4.7;27;298;13.19;18.28;3.3;1.57;vitamin a
Vitasoy USA Nasoya;100;43;1.1;0;79;8.21;0;0;0;vitamin a
ARBY'S;100;242;10;30;653;15.17;22.21;1.3;3.84;vitamin b12
Maraschino cherries;100;165;0.2;0;4;0.22;41.97;3.2;38.77;vitamin a
Pork sausage;100;271;22;59;294;9.41;8.13;0;0;vitamin d
Pork and beef sausage;100;396;36;71;929;13.8;2.7;0;0;vitamin d
Artificial Blueberry Muffin Mix;100;407;8.7;0;0;4.7;77.45;0;0;vitamin a
CAMPBELL'S Homestyle Minestrone Soup;100;41;0.4;0;322;1.63;7.35;1.6;2.45;vitamin a
Guava nectar;100;48;0.1;0;6;0.3;13.3;1.2;10.15;vitamin a
Papaya;100;206;0.6;0;9;0.14;55.83;1.5;52.2;vitamin a
French toast;100;213;6.1;82;495;7.4;32.1;1.1;0;vitamin a
Swamp cabbage;100;19;0.2;0;113;2.6;3.14;2.1;0;vitamin a
Pork and turkey sausage;100;342;31;72;876;12.05;3.63;0;0;vitamin a
FAMOUS AMOS;100;503;24;8;359;4.5;67.7;2.8;32.4;vitamin a
Mustard spinach;100;22;0.3;0;21;2.2;3.9;2.8;0;vitamin a
Tangerines;100;53;0.3;0;2;0.81;13.34;1.8;10.58;vitamin a
Ice cream cones;100;417;6.9;0;256;8.1;79;3;6;vitamin k
Peas and onions;100;70;0.3;0;61;3.98;13.51;3.5;0;vitamin a
Tomato sauce;100;24;0.3;0;11;1.2;5.31;1.5;3.56;vitamin a
Hyacinth-beans;100;46;0.2;0;2;2.1;9.19;3.3;4.08;vitamin a
Veggie burgers or soyburgers;100;177;6.3;5;569;15.7;14.27;4.9;1.07;vitamin a
GLUTINO;100;515;24;0;111;0;74.39;0;42.31;vitamin e
KASHI Pizza;100;230;8.4;17;560;12.8;25.7;3.8;3.3;vitamin a
Shortening;100;884;100;0;0;0;0;0;0;vitamin e
KASHI Three Cheese Penne;100;126;4;12;248;5.7;16.8;2.7;1.9;vitamin a
Vegetable smoothie;100;28;0.1;0;13;0.8;7;0.7;6.05;vitamin a
KASHI Mayan Harvest Bake;100;121;3.2;0;133;3;21;3;7;vitamin a
Cinnamon buns;100;452;27;5;305;4.45;48.6;1.2;25.7;vitamin k
Wonton wrappers (includes egg roll wrappers);100;291;1.5;9;572;9.8;57.9;1.8;0;vitamin a
Rice mix;100;362;3.5;9;1193;8.77;73.88;1.8;5.26;vitamin a
KRAFT;100;381;4.1;4;1532;12.6;73.1;2.5;10.1;vitamin a
WORTHINGTON Dinner Roast;100;213;14;1;671;16;6.9;3.1;1;vitamin b12
Fruit cocktail;100;70;0.1;0;6;0.47;18.8;1.7;17.14;vitamin a
CAMPBELL'S Homestyle Butternut Squash Bisque;100;45;1.2;4;265;0.41;7.76;0.4;4.9;vitamin a
Gums;100;332;0.5;0;125;4.6;77.3;77.3;0;vitamin a
UDI'S;100;329;12;0;507;11.8;44.29;11.2;4.2;vitamin e
Pastry;100;379;19;10;231;5.48;47.76;2.2;17;vitamin k
Vegetable oil-butter spread;100;465;53;54;581;0;0;0;0;vitamin a
WORTHINGTON Super Links;100;219;16;1;708;14.5;5.5;1.8;0.6;vitamin b12
WORTHINGTON Wham (roll);100;196;11;0;717;17.8;5.7;0;3.2;vitamin b12
Prunes;100;339;0.7;0;5;3.7;89.07;0;0;vitamin a
Roast beef;100;115;3.7;51;853;18.62;0.64;0;0.29;vitamin a
Beverage;100;329;2.6;14;780;23.5;52.9;1.6;51.3;vitamin a
KELLOGG;100;245;8;11;508;5.3;38.6;1;10;vitamin a
Olives;100;81;6.9;0;735;0.97;5.61;2.5;0;vitamin a
CAMPBELL'S CHUNKY;100;81;3.9;4;353;2.46;9.01;1.2;0;vitamin a
Naranjilla (lulo) pulp;100;25;0.2;0;4;0.44;5.9;1.1;3.74;vitamin a
LOMA LINDA Little Links;100;221;14;0;472;19.4;5.5;4.2;0.8;vitamin b6
Salmon;100;153;7.2;67;433;20.63;0;0;0;vitamin d
KRAFT BREAKSTONE'S FREE Fat Free Sour Cream;100;91;1.3;9;72;4.7;15.1;0;7.2;vitamin a
Margarine-like spread;100;357;39;0;670;0;5.71;0;0;vitamin a
Yokan;100;260;0.1;0;83;3.29;60.72;0;0;vitamin a
"LITTLE CAESARS 14"" Cheese Pizza";100;309;17;39;455;16.23;22.85;1.6;2.76;vitamin a
Hazelnuts;100;628;53;0;2;14.89;22.98;9.8;0;vitamin b6
WORTHINGTON Diced Chik;100;80;0.7;1;344;14.7;3.7;1.4;0.1;vitamin b12
Broadbeans (fava beans);100;341;1.5;0;13;26.12;58.29;25;5.7;vitamin a
Deer (venison);100;116;2.7;18;0;21.5;0;0;0;vitamin a
Breakfast bar;100;377;7.5;0;297;4.4;72.9;2.1;35.1;vitamin a
CAMPBELL'S Low Sodium Soups;100;10;0.3;2;0;1.01;0.34;0;0.34;vitamin a
Chiton;100;83;1.6;0;0;17.1;0;0;0;vitamin a
CAMPBELL'S Homestyle Vegetable Medley Soup;100;37;0.2;0;322;1.22;7.35;1.2;3.27;vitamin a
Dumpling;100;195;6.1;4;474;5.26;29.64;0.9;1.75;vitamin a
LOMA LINDA Vege-Burger;100;114;1.2;0;222;22.2;3.7;2.6;0.8;vitamin b12
LOMA LINDA Redi-Burger;100;146;2.8;0;508;21.9;8.2;4.3;1.2;vitamin b12
LOMA LINDA Tender Bits;100;135;4.6;0;613;15.1;8.3;4.3;0.6;vitamin b12
WORTHINGTON Veja-Links;100;155;8.9;3;530;14.6;4.1;3.3;0.5;vitamin b12
WORTHINGTON Chic-Ketts;100;200;9.7;0;642;23.6;5.1;1.2;0.1;vitamin b12
Cheesecake prepared from mix;100;274;13;29;380;5.5;35.5;1.9;0;vitamin a
Chicken tenders;100;240;14;36;527;14.62;14.86;1.7;0.57;vitamin a
KASHI Black Bean Mango;100;115;3;1;134;3;18;6;3;vitamin a
Malt beverage;100;37;0.1;0;13;0.21;8.05;0;8.05;vitamin a
Piki bread;100;390;7.2;0;60;9.06;72.22;9.2;1.6;vitamin a
WORTHINGTON Saucettes;100;219;15;2;532;15;5.6;2.8;0.2;vitamin b12
WORTHINGTON Stripples;100;346;27;2;1463;12.4;14.3;5.1;0.8;vitamin b12
WORTHINGTON Stakelets;100;211;10;1;651;19.7;9.6;2.8;1.2;vitamin b12
GARDENBURGER Original;100;155;4.6;9;684;7.2;22.1;5;0.6;vitamin b6
Chicken breast tenders;100;263;16;41;536;14.73;15.01;1.1;0.37;vitamin k
Pigeon peas (red gram);100;343;1.5;0;17;21.7;62.78;15;0;vitamin a
Soy sauce made from soy and wheat (shoyu);100;53;0.6;0;5493;8.14;4.93;0.8;0.4;vitamin b6
Ruffed Grouse;100;112;0.9;40;50;25.94;0;0;0;vitamin b6
Chili con carne with beans;100;107;3.5;9;449;5.8;13.1;3.3;1.87;vitamin a
Jams;100;151;0.1;0;0;0;37.6;1.5;29.41;vitamin c
Rose Hips;100;162;0.3;0;4;1.6;38.22;24.1;2.58;vitamin a
KRAFT BREAKSTONE'S Reduced Fat Sour Cream;100;152;12;50;59;4.5;6.5;0.1;6.4;vitamin a
Waxgourd;100;13;0.2;0;111;0.4;3;2.9;0;vitamin c
HORMEL Pillow Pak Sliced Turkey Pepperoni;100;243;12;123;1858;30.99;3.78;0;0;vitamin a
LOMA LINDA Big Franks;100;218;12;0;426;21.5;5.8;3.5;0.4;vitamin b6
Lasagna with meat sauce;100;135;4.9;17;373;7.28;15.36;1.7;3.11;vitamin a
Leeks;100;61;0.3;0;20;1.5;14.15;1.8;3.9;vitamin a
Tortilla;100;276;1.4;0;663;7.83;58.12;3.4;2.97;vitamin a
WORTHINGTON Choplets;100;103;1;0;456;19.4;4.1;2.8;0.4;vitamin a
Applesauce;100;76;0.2;0;28;0.18;19.91;1.2;0;vitamin a
Dutch brand loaf;100;273;23;60;786;12;3.93;0.3;0.9;vitamin a
Canada Goose;100;133;4;80;50;24.31;0;0;0;vitamin b6
Chicken pot pie;100;204;12;15;393;5.11;19.21;1.1;2.26;vitamin a
Cookie;100;507;24;0;380;4.5;67.87;2.3;32;vitamin k
Passion-fruit;100;97;0.7;0;28;2.2;23.38;10.4;11.2;vitamin a
"PIZZA HUT 12"" Pepperoni Pizza";100;298;14;25;692;11.97;30.49;1.8;3.2;vitamin a
Ice cream bar;100;303;26;56;56;5.62;11.89;1.1;10.8;vitamin a
Fruit juice smoothie;100;71;0;0;4;0.42;16.67;2.9;12.08;vitamin c
CAMPBELL'S Red and White;100;12;0;0;0;2.42;0.81;0;0.81;vitamin a
Limeade;100;52;0;0;3;0;13.79;0;13.27;vitamin c
SAGE VALLEY;100;499;22;0;0;3.13;71.88;1;43.94;vitamin a
Rice cake;100;392;4.3;0;71;7.1;81.1;4.2;0.88;vitamin k
Taquitos;100;284;13;13;453;9.21;33.63;2.9;1.3;vitamin a
KASHI Spinach Artichoke Pasta;100;103;3.4;7;229;5;15.1;3;0.1;vitamin b6
WORTHINGTON Low Fat Fri Chik;100;102;2.7;1;416;14.3;4.9;1;0;vitamin b12
WORTHINGTON FriChik Original;100;160;10;1;401;13.4;3.4;1.5;0.1;vitamin b12
Margarine;100;719;81;0;943;0.9;0.9;0;0;vitamin a
Apricot nectar;100;56;0.1;0;3;0.37;14.39;0.6;13.24;vitamin a
CAMPBELL'S Homestyle Potato Broccoli Cheese Soup;100;65;3.7;2;265;1.22;6.94;1.2;1.22;vitamin a
Soy sauce made from hydrolyzed vegetable protein;100;60;0.5;0;6820;7;7.84;0.5;1.3;vitamin b6
Groundcherries;100;53;0.7;0;0;1.9;11.2;0;0;vitamin a
Pizza;100;274;12;21;690;11.76;30.76;2.3;3.88;vitamin a
Escarole;100;19;0.2;0;19;1.15;3.07;2.8;0.23;vitamin a
CAMPBELL'S CHUNKY Soups;100;56;0.9;4;308;2.89;8.98;1;1.17;vitamin a
MORNINGSTAR FARMS Veggie Dog;100;126;1.3;0;1076;17.4;11.2;2.3;4.4;vitamin a
WORTHINGTON Vegetable Steaks;100;113;1.2;0;417;20.7;5.1;2.2;0.5;vitamin b12
KRAFT VELVEETA Pasteurized Process Cheese Spread;100;303;22;80;1499;16.3;9.8;0;8.1;vitamin a
Macaroni and cheese loaf;100;228;15;44;3;11.76;11.63;0;0;vitamin c
Steelhead trout;100;382;8.1;227;2850;77.27;0;0;0;vitamin d
SWANSON BROTH;100;5;0;0;234;0;1.28;0;0.85;vitamin a
McDONALD'S Bacon Ranch Salad with Crispy Chicken;100;122;6.3;22;273;8.82;6.08;1;1.53;vitamin a
"DOMINO'S 14"" Pepperoni Pizza";100;328;19;38;783;13.88;25.35;2.6;3.65;vitamin c
Pear nectar;100;60;0;0;4;0.11;15.76;0.6;15.16;vitamin k
Pork sausage rice links;100;407;38;66;689;13.7;2.36;0;0;vitamin d
Rice and vermicelli mix;100;359;1.3;0;1337;10.84;76.02;1.6;4.27;vitamin a
School Lunch;100;246;14;36;467;17.64;12.5;2.3;0.55;vitamin d
HEINZ;100;241;6.9;47;300;4.4;40.3;2.1;16.8;vitamin a
CAMPBELL'S Homestyle Italian-Style Wedding Soup;100;49;1.4;6;322;2.86;6.12;0.8;1.22;vitamin a
Lemon juice from concentrate;100;17;0.1;0;24;0.45;5.62;0.7;1.53;vitamin a
Rennin;100;77;1.8;7;46;3.06;12.34;0;0;vitamin a
KASHI Pesto Pasta Primavera;100;101;3.8;2;265;3.8;13;2.4;1.4;vitamin a
Cocoa mix;100;400;15;0;850;3;75;4;60;vitamin a
Milk dessert bar;100;147;1.5;7;92;4.41;33.09;6.6;22.06;vitamin a
CAMPBELL'S Soup on the Go;100;52;3.6;2;289;0.66;4.26;1;1.31;vitamin a
Thuringer;100;362;30;74;1300;17.45;3.33;0;0.85;vitamin d
Elk;100;97;1.8;0;49;20.14;0;0;0;vitamin b12
Waffle;100;298;9.9;16;682;6.71;45.41;2.4;5.04;vitamin b6
"PAPA JOHN'S 14"" The Works Pizza";100;240;10;21;570;10.27;26.69;2.5;4.84;vitamin a
"PAPA JOHN'S 14"" Pepperoni Pizza";100;275;12;26;671;11.97;30.04;1.2;4.84;vitamin a
Milk dessert;100;167;1;0;97;4.3;37.7;0;37.7;vitamin a
Chicken breast;100;79;0.4;36;1087;16.79;2.17;0;0.1;vitamin b6
INTERSTATE BRANDS CORP;100;273;4.2;0;0;8.07;50.84;2.6;11.06;vitamin a
Peach nectar;100;54;0;0;7;0.27;13.92;0.6;12.35;vitamin a
GEORGE WESTON BAKERIES;100;232;1.8;0;345;8;46;0;0;vitamin a
Vegetable juice;100;31;0;0;15;0.49;8.13;1.2;5.37;vitamin a
Yogurt parfait;100;84;1;3;49;3.36;15.86;1.1;11.68;vitamin a
Oopah (tunicate);100;67;2.2;0;0;11.7;0;0;0;vitamin a
MORNINGSTAR FARMS Corn Dog;100;208;3.5;0;666;11.2;36;3.8;11;vitamin a
Prairie Turnips;100;156;0.4;0;5;2.62;35.67;8;0.82;vitamin c
Soy protein concentrate;100;328;0.5;0;900;63.63;25.41;5.5;20;vitamin b6
"DOMINO'S 14"" Sausage Pizza";100;319;19;35;725;12.77;25.3;2.6;3.42;vitamin c
WORTHINGTON Prosage Links;100;143;4.7;2;819;20.2;5;2.8;0.8;vitamin b12
CAMPBELL'S Homestyle New England Clam Chowder;100;70;4.2;4;363;2.33;5.68;0.8;0;vitamin a
PILLSBURY;100;441;12;0;0;4.8;78.3;0;49.6;vitamin a
Corned beef and potatoes in tortilla (Apache);100;224;8.3;11;511;7.91;29.35;1.5;1.79;vitamin k
Milk substitutes;100;61;3.4;0;78;1.75;6.16;0;0;vitamin a
Turnip greens and turnips;100;21;0.2;0;18;2.46;3.39;2.4;0;vitamin a
Shortening industrial;100;900;100;56;0;0;0;0;0;vitamin e
"DOMINO'S 14"" Cheese Pizza";100;298;15;27;628;12.33;28.18;2.5;4.09;vitamin k
Chokecherries;100;156;1;0;2;2.89;33.88;17;14.22;vitamin a
VAN'S;100;215;4.6;0;331;3.31;40.32;1.5;4.06;vitamin b6
SILK Vanilla soy yogurt (single serving size);100;88;1.8;0;12;2.94;14.71;0.6;10.59;vitamin c
Margarine Spread;100;424;48;1;646;0.2;0.86;0;0;vitamin k
WORTHINGTON Prime Stakes;100;135;7.2;1;480;10.2;7.5;1.4;0.3;vitamin b12
WORTHINGTON Prosage Roll;100;261;18;2;667;19.6;6;3.5;0.2;vitamin b12
Stinging Nettles;100;42;0.1;0;4;2.71;7.49;6.9;0.25;vitamin a
Campbell's Brown Sugar And Bacon Flavored Baked Beans;100;123;1.9;4;362;3.85;23.08;6.2;10;vitamin a
LOMA LINDA Swiss Stake with Gravy;100;138;6.2;1;471;10.2;10.4;3.2;0.9;vitamin b6
WORTHINGTON Meatless Chicken Roll;100;154;8;1;452;16.1;4.3;2.4;0.8;vitamin b12
USDA Commodity Food;100;884;100;0;0;0;0;0;0;vitamin k
Frijoles rojos volteados (Refried beans;100;144;6.9;0;375;5;15.47;4.7;0;vitamin e
GARDENBURGER Flame Grilled Burger;100;122;4.4;0;445;15.2;6.8;3.7;0.4;vitamin c
GARDENBURGER Veggie Medley Burger;100;121;3.6;0;559;4.1;24;7.1;2;vitamin b6
Cattail;100;25;0;0;109;1.18;5.14;4.5;0.22;vitamin k
Incaparina;100;379;5.6;0;4;21.75;60.53;9.9;0;vitamin a
MORNINGSTAR FARMS Chik'n Nuggets;100;221;10;0;702;14.4;21.8;4.9;2.2;vitamin a
Shortening household soybean (hydrogenated) and palm;100;884;100;0;0;0;0;0;0;vitamin a
Poultry;100;243;20;143;40;14.72;0;0;0;vitamin a
HORMEL ALWAYS TENDER;100;145;7.2;49;358;19.02;0.76;0;0.08;vitamin c
Swisswurst;100;307;27;61;827;12.69;1.6;0;0;vitamin a
USDA Commodity peaches;100;61;0.2;0;7;0.56;15.65;0.7;10.61;vitamin a
MORNINGSTAR FARMS Grillers Prime;100;238;13;1;501;24;5.9;2.6;0.3;vitamin a
"PIZZA HUT 12"" Super Supreme Pizza";100;243;11;20;689;10.9;25.62;2;3.71;vitamin a
MORNINGSTAR FARMS Grillers Vegan;100;132;3.4;0;395;16.3;9.1;5.2;0.4;vitamin a
Pate de foie gras;100;462;44;150;697;11.4;4.67;0;0;vitamin a
KASHI Spicy Black Bean Enchilada;100;103;2.8;1;237;3;17.7;3.1;1;vitamin c
"PIZZA HUT 14"" Super Supreme Pizza";100;248;11;28;658;11.34;26.01;2.3;3.04;vitamin a
Margarine-like;100;44;3;0;580;0.1;4.34;0;0;vitamin a
MORNINGSTAR FARMS Buffalo Wings;100;232;11;0;642;14.1;22.6;4.8;2.8;vitamin b12
Shortening frying (heavy duty);100;884;100;0;0;0;0;0;0;vitamin e
Pork loin;100;172;9.8;66;95;20.85;0;0;0;vitamin d
Cheese puffs and twists;100;432;12;1;847;8.5;72.35;3.6;7.29;vitamin a
KELLOGG'S EGGO Lowfat Blueberry Nutri-Grain Waffles;100;208;2.8;0;591;5.95;42.71;3.5;8.89;vitamin a
RUDI'S;100;320;11;0;0;3.13;52.83;3.5;8.36;vitamin a
CAMPBELL'S Homestyle Harvest Tomato with Basil Soup;100;45;0.4;2;322;0.82;9.39;0.8;6.53;vitamin a
Onion rings;100;258;14;0;246;3.15;30.53;1.8;0;vitamin c
Protein supplement;100;411;17;21;329;45.71;18.5;7.1;5.71;vitamin a
CAMPBELL'S Homestyle Light New England Clam Chowder;100;49;1.6;4;322;2.45;6.12;0.8;0.41;vitamin a
MORNINGSTAR FARMS Corn Dog Mini;100;219;4.7;0;678;13.2;32.6;2.6;8;vitamin a
WORTHINGTON Multigrain Cutlets;100;117;1.5;0;371;23.29;7.3;4.5;0.2;vitamin e
WORTHINGTON Low Fat Veja-Links;100;123;4.8;2;612;15.8;4.3;1.2;0.7;vitamin b12
WORTHINGTON Smoked Turkey Roll;100;251;16;0;859;18.5;7.9;1.1;2.4;vitamin b12
MORNINGSTAR FARMS Chik Patties;100;197;7;0;835;11.8;22.9;3;2;vitamin a
HOT POCKETS Ham 'N Cheese Stuffed Sandwich;100;241;9.1;23;504;9.16;30.55;1.5;7.6;vitamin d
USDA Commodity pears;100;62;0.2;0;5;0.28;16.21;1.6;11.22;vitamin c
Turnover;100;228;13;31;378;7.87;20.67;0.8;7.87;vitamin a
WORTHINGTON Vegetable Skallops;100;109;1.2;0;460;19.9;4.6;3.4;0.3;vitamin a
USDA Commodity Chicken;100;162;5.7;83;271;27.52;0;0;0;vitamin a
Mushroom;100;22;0.3;0;5;3.09;3.26;1;1.98;vitamin d
MORNINGSTAR FARMS BBQ Riblets;100;150;2.3;0;438;11.4;24.6;4.7;17.2;vitamin a
Infant formula;100;524;28;32;118;12;56;0;56;vitamin a
Cream puff;100;334;19;66;265;4.41;37.43;0.9;22.05;vitamin a
Muffin;100;255;4.2;28;413;4.23;50.05;4.2;27.05;vitamin a
Meat drippings (lard;100;889;99;101;545;0;0;0;0;vitamin d
LOMA LINDA Low Fat Big Franks;100;154;4.7;0;481;23.1;4.9;4.1;0.3;vitamin b12
WORTHINGTON Vegetarian Burger;100;124;2.9;0;451;18.6;6.2;2.7;0.6;vitamin b12
KRAFT CHEEZ WHIZ Pasteurized Process Cheese Sauce;100;276;21;75;1638;12;9.2;0.3;6.7;vitamin a
Shortening bread;100;884;100;0;0;0;0;0;0;vitamin e
Whipped cream substitute;100;100;6;0;106;0.9;10.6;0;10.6;vitamin e
SUPPER BAKES MEAL KITS;100;147;3.2;8;0;4.8;24.8;0.8;2.4;vitamin a
HUNGRY MAN;100;136;8.5;26;379;7.96;6.96;1.3;0.18;vitamin b12
Turkey ham;100;124;3.8;67;1038;19.6;2.93;0;0;vitamin d
MORNINGSTAR FARMS Sesame Chik'n Entree;100;116;3.5;0;196;5.3;17.3;1.3;6;vitamin e
MORNINGSTAR FARMS Buffalo Chik Patties;100;255;13;1;757;12.1;25.2;5.1;3;vitamin b12
SUBWAY;100;219;8.5;15;437;9.77;26.01;2.1;4.98;vitamin a
Sweet Potatoes;100;209;11;0;214;1.7;25.52;3.4;6.46;vitamin a
Macaroni or noodles with cheese;100;388;6.6;8;902;11.48;70.75;1.6;8.2;vitamin a
Vitasoy USA Organic Nasoya Sprouted;100;115;5.9;0;28;13.24;2.16;1.2;1.1;vitamin d
Cheese product;100;240;14;53;1587;17.6;10.6;0;8.02;vitamin a
KRAFT CHEEZ WHIZ LIGHT Pasteurized Process Cheese Product;100;215;9.5;35;1705;16.3;16.2;0.2;8.2;vitamin a
MISSION FOODS;100;287;6;0;0;8.7;49.6;0;0;vitamin a
PILLSBURY GRANDS;100;293;11;0;1066;6.16;42.41;1.5;4.6;vitamin a
Sour dressing;100;178;17;5;48;3.25;4.68;0;4.68;vitamin a
WORTHINGTON Meatless Corned Beef Roll;100;245;15;1;758;18.6;9.9;0;2.1;vitamin b12
PREGO Pasta;100;85;2.7;0;408;1.54;13.85;2.3;9.23;vitamin a
Child formula;100;99;4.8;2;36;2.86;11.15;0;10.5;vitamin a
"LITTLE CAESARS 14"" Pepperoni Pizza";100;265;11;26;492;12.93;29.03;1.5;3.39;vitamin a
KASHI Italian Vegetable Medley Pasta;100;106;2.6;7;215;4.7;16.3;2.7;2.9;vitamin b6
Finger snacks;100;389;2.3;0;13;6.19;85.79;3.8;17.84;vitamin b6
CAMPBELL'S Homestyle Mexican Style Chicken Tortilla Soup;100;53;0.8;4;347;2.86;8.16;1.2;1.63;vitamin a
Agutuk;100;258;19;89;95;21.7;0.9;0;0;vitamin a
Turkey thigh;100;157;8.5;62;437;18.8;0;0;0;vitamin b12
CAMPBELL'S Homestyle Chicken with White & Wild Rice Soup;100;41;0.4;4;322;2.45;6.94;0.4;1.22;vitamin a
Wocas;100;34;0.4;0;10;0.69;7.06;2.3;0;vitamin e
Granola bar;100;536;31;12;193;9.6;54.1;3.8;23.63;vitamin a
Orange-grapefruit juice;100;43;0.1;0;3;0.6;10.28;0.1;10.18;vitamin a
LOMA LINDA Tender Rounds with Gravy;100;145;5.6;1;443;16.3;7.4;3.5;1;vitamin b12
MORNINGSTAR FARMS Grillers Original;100;213;9.3;3;422;23.9;8.5;4.4;1.2;vitamin b12
Pasta with Sliced Franks in Tomato Sauce;100;90;2.4;9;287;4.37;12.7;1.6;3.17;vitamin a
Cranberry;100;55;0.5;0;0;0.4;12.2;0;0;vitamin a
Nutritional supplement for people with diabetes;100;88;3.1;2;92;4.4;11.88;2.2;2.64;vitamin a
Imitation cheese;100;390;32;15;670;25;1;0;1;vitamin a
Juice;100;50;0.1;0;7;0.16;12.46;0.2;10.92;vitamin c
KASHI Mushroom & Asparagus Risotto;100;116;3.7;9;206;4.3;17;2.6;1.3;vitamin b6
MORNINGSTAR FARMS Breakfast Pattie;100;195;8.3;0;690;23.7;12.6;7.6;2.2;vitamin d
Yellow rice with seasoning;100;343;1.8;0;1316;7.02;74.68;1.8;1.75;vitamin a
CAMPBELL'S Homestyle Light Italian-Style Wedding Soup;100;33;0.6;4;322;2.45;4.49;0.4;0.82;vitamin a
"LITTLE CAESARS 14"" Original Round Pepperoni Pizza";100;273;11;28;518;13.59;31.01;1.7;3.76;vitamin a
DIGIORNO Pizza;100;247;9.9;21;506;12.96;26.47;3;0;vitamin a
Winged bean;100;37;0.7;0;240;5.31;3.21;0;0;vitamin a
MARTHA WHITE FOODS;100;407;6.2;0;457;4.42;83.58;2.9;54.76;vitamin a
Buffalo;100;146;1.8;82;41;32.51;0;0;0;vitamin b12
MORNINGSTAR FARMS Breakfast Sausage Patties;100;210;7.9;2;671;25.8;8.8;4.1;1.7;vitamin b12
MORNINGSTAR FARMS California Turk'y Burger;100;155;7.7;1;690;14.9;12.6;7.6;1.8;vitamin b6
GARDENBURGER Sun-Dried Tomato Basil Burger;100;137;3.6;4;387;5.5;23.7;5.2;2.6;vitamin a
Macaroni and cheese dinner with dry sauce mix;100;379;4.8;7;680;13.86;70.12;3.2;9.61;vitamin a
MORNINGSTAR FARMS Mushroom Lover's Burger;100;168;8.2;0;445;14.3;9.2;5.1;0.5;vitamin b6
CAMPBELL'S HEALTHY REQUEST;100;55;1.7;0;327;1.29;8.6;1;1.79;vitamin c
MORNINGSTAR FARMS Spicy Black Bean Burger;100;168;6.1;2;489;14.6;19.1;6;1.8;vitamin b6
MORNINGSTAR FARMS Breakfast Sausage Links;100;159;6.1;2;670;19.2;6.8;4;1;vitamin b6
CRUNCHMASTER;100;456;16;0;370;10.91;67.18;7.5;0.8;vitamin b6
"LITTLE CAESARS 14"" Original Round Cheese Pizza";100;265;9.5;24;454;13.39;31.5;1.7;4.02;vitamin a
HOT POCKETS;100;253;10;20;439;9.32;30.45;2.2;7.73;vitamin a
MARY'S GONE CRACKERS;100;446;16;0;587;12.06;64.29;16.2;1;vitamin a
Margarine-like spread with yogurt;100;630;70;0;590;0.3;0.5;0;0;vitamin a
MORNINGSTAR FARMS Breakfast Bacon Strips;100;346;27;2;1463;12.4;14.3;5.1;0.8;vitamin b12
GENERAL MILLS;100;413;8.1;0;0;3.8;81.3;0;43.9;vitamin a
MORNINGSTAR FARMS Mediterranean Chickpea;100;200;6.5;1;357;15.5;19.8;10.1;1.1;vitamin b6
Potsticker or wonton;100;136;5.5;17;441;8.28;13.28;1.4;2.76;vitamin a
GARDENBURGER Black Bean Chipotle Burger;100;133;3.9;0;545;6.5;22;6.1;3.6;vitamin b6
Pancakes plain;100;233;6.8;18;461;5.23;37.75;1;8.32;vitamin a
Fluid replacement;100;10;0;0;101;0;2.45;0;2.45;vitamin a
MORNINGSTAR FARMS Garden Veggie Nuggets;100;197;12;1;420;9.6;16.9;6.9;3.5;vitamin b6
MORNINGSTAR FARMS Parmesan Garlic Wings;100;227;8.6;1;616;14.2;24.1;3.1;1.3;vitamin b12
MORNINGSTAR FARMS Tuscan Greens & Beans;100;112;6.3;12;161;5.9;11.7;3.8;2.3;vitamin d
Corn with red and green peppers;100;75;0.6;0;347;2.33;18.17;0;0;vitamin a
Pineapple juice;100;179;0.1;0;3;1.3;44.3;0.7;43.6;vitamin a
CAMPBELL'S Red and White - Microwaveable Bowls;100;44;0;0;322;1.22;9.8;1.2;7.35;vitamin a
Turkey and pork sausage;100;307;23;84;878;22.7;0.7;0;0;vitamin d
MORNINGSTAR FARMS Garden Veggie Patties;100;176;5.5;2;525;17.8;13.7;4.5;1.8;vitamin a
MORNINGSTAR FARMS Chik Patties Original;100;197;9.1;0;676;11.2;20.5;3.7;2;vitamin a
Beef macaroni with tomato sauce;100;113;2;10;178;5.89;17.99;1.4;3.8;vitamin a
MORNINGSTAR FARMS Asian Veggie Patties;100;158;6.2;0;741;11.4;18.2;5.1;5;vitamin b6
Whiskey sour mix;100;84;0.1;0;33;0.1;21.4;0;0;vitamin a
Chickpeas (garbanzo beans;100;378;6;0;24;20.47;62.95;12.2;10.7;vitamin a
MORNINGSTAR FARMS Spicy Black Bean Enchilada Entree;100;123;5.2;7;277;5.8;15.9;2.6;1.8;vitamin d
Swamp cabbage (skunk  cabbage);100;20;0.2;0;122;2.08;3.7;1.9;0;vitamin a
Apple juice;100;46;0.1;0;4;0.1;11.3;0.2;9.62;vitamin c
Grape juice;100;60;0.1;0;5;0.37;14.77;0.2;14.2;vitamin c
KRAFT FREE Singles American Nonfat Pasteurized Process Cheese Product;100;148;1;16;1298;22.7;11.7;0.2;6.7;vitamin a
MORNINGSTAR FARMS Roasted Garlic & Quinoa Burger;100;192;12;1;522;10.7;17.8;10.1;2.1;vitamin b6
BANQUET;100;155;11;36;517;6.89;6.96;1;0.28;vitamin b12
MORNINGSTAR FARMS Meal Starters Veggie Meatballs;100;158;5.8;0;487;17.7;9.9;3.6;1.1;vitamin a
MORNINGSTAR FARMS Grillers Chik'n Veggie Patties;100;118;4.8;0;519;12.8;10.2;5.7;0.2;vitamin a
CAMPBELL'S Homestyle HEALTHY REQUEST Mexican Style Chicken Tortilla;100;53;1;4;167;2.86;7.76;1.2;1.22;vitamin a
P REGO Pasta;100;69;2.3;0;354;1.54;10;2.3;6.92;vitamin a
KRAFT VELVEETA LIGHT Reduced Fat Pasteurized Process Cheese Product;100;222;11;42;1586;19.6;11.8;0;8.5;vitamin a
MORNINGSTAR FARMS Sausage Style Recipe Crumbles;100;159;4.6;0;758;20.2;9.9;4.6;1.4;vitamin a
Breakfast bars;100;464;18;0;251;9.8;66.7;3.1;27.52;vitamin a
KRAFT FOODS;100;377;3.7;0;0;6.1;79.8;0;0;vitamin a
MORNINGSTAR FARMS Chipotle Black Bean Crumbles;100;122;4.1;0;491;14.4;10.2;4.3;1.4;vitamin b12
Turkey roast;100;120;2.2;53;678;17.6;6.4;0;0;vitamin b6
Swamp cabbage (skunk cabbage);100;20;0.2;0;358;2.08;3.7;1.9;0;vitamin a
MORNINGSTAR FARMS Tomato & Basil Pizza Burger;100;161;8.6;10;414;15.5;14;9.1;2.6;vitamin b12
MORNINGSTAR FARMS Lasagna with Veggie Sausage;100;96;2.3;4;208;7.1;14.4;2.3;1.7;vitamin a
MORNINGSTAR FARMS Chik'n Grill Veggie Patties;100;118;4.8;0;519;12.8;10.2;5.7;0.2;vitamin a
Soy sauce;100;90;0.3;0;2890;8.19;14.44;0.3;5.63;vitamin b6
"DOMINO'S 14"" EXTRAVAGANZZA FEAST Pizza";100;244;11;20;456;10.33;25.72;2;3.3;vitamin a
MORNINGSTAR FARMS Italian Herb Chik'n Pattie;100;236;7;0;682;13.6;31.1;3.4;1.5;vitamin a
MORNINGSTAR FARMS Spicy Indian Veggie Burger;100;189;12;0;555;9.2;17;7.8;2.2;vitamin b6
Fat free ice cream;100;129;0;0;110;4.41;27.94;7.4;8.82;vitamin a
GARDENBURGER Savory Portabella Veggie Burger;100;138;3.3;4;633;5.9;22.1;7.1;1.2;vitamin b6
CONTINENTAL MILLS;100;418;10;0;0;5.6;75.6;1.7;40;vitamin a
Shortening confectionery;100;884;100;0;0;0;0;0;0;vitamin k
PILLSBURY Golden Layer Buttermilk Biscuits;100;307;13;0;0;5.88;41.18;1.2;5.88;vitamin a
Creamy dressing;100;160;14;0;833;1.5;7;0;5.65;vitamin a
CAMPBELL'S Homestyle Microwaveable Bowls;100;53;1;4;167;2.86;7.76;1.2;1.22;vitamin a
CAMPBELL'S CHUNKY Microwavable Bowls;100;78;3.7;10;363;3.27;7.35;1.2;0.82;vitamin a
KASHI Three Cheese Ravioli with Mediterranean Tomato Sauce;100;131;4.2;16;269;5.5;19.7;2.1;3.6;vitamin b6
MORNINGSTAR FARMS Breakfast Sausage Patties Maple Flavored;100;222;7.2;1;656;26.3;13.6;2;5.9;vitamin a
Split pea soup;100;71;0.9;2;166;3.85;11.83;1.9;5.06;vitamin a
MORNINGSTAR FARMS Breakfast Biscuit Sausage;100;257;8.1;22;568;9.3;37.5;1.5;4;vitamin a
Cranberry juice blend;100;45;0.1;0;6;0.27;10.91;0.1;9.8;vitamin c
MORNINGSTAR FARMS Grillers Burger Style Recipe Crumbles;100;135;4.3;0;434;18.5;8.3;5.6;1.1;vitamin b12
MORNINGSTAR FARMS Grillers Quarter Pound Veggie Burger;100;219;11;1;429;22.8;8.9;2.5;0.6;vitamin c
MORNINGSTAR FARMS Hot and Spicy Veggie Sausage Patties;100;185;7.4;1;551;21.8;8.5;2.3;0.2;vitamin a
JIMMY DEAN;100;328;23;85;589;9.29;21.07;2;3.1;vitamin b12
Ice cream cone;100;354;22;21;94;5.21;34.38;1;25;vitamin a
MORNINGSTAR FARMS Pizza;100;235;6.9;12;261;10.6;36.9;5.2;3.3;vitamin b12
Shortening cake mix;100;884;100;0;0;0;0;0;0;vitamin k
"LITTLE CAESARS 14"" Original Round Meat and Vegetable Pizza";100;243;11;31;578;12.12;23.1;2.1;3.74;vitamin a
Pudding;100;109;1.1;49;63;0.65;24.2;0;13.51;vitamin a
Beef composite;100;203;9.2;82;53;28.73;0;0;0;vitamin d
CAMPBELL'S Homestyle HEALTHY REQUEST Chicken with Whole Grain Pasta Soup;100;40;0.8;4;167;3.8;4.28;0.7;0.32;vitamin a
MORNINGSTAR FARMS Breakfast Pattie with Organic Soy;100;220;8.3;0;690;23.7;12.6;7.6;2.2;vitamin d
Tortellini;100;307;7.2;42;406;13.5;47;1.9;0.95;vitamin a
Split pea with ham soup;100;68;0.7;3;196;4;11.4;1.9;1.57;vitamin a
MORNINGSTAR FARMS Breakfast Sandwich Veggie Scramble & Cheese English Muffin;100;149;4.8;10;562;10.4;18.9;2.9;0.6;vitamin b6
Toddler formula;100;501;27;7;210;13;56;0;53;vitamin a
Margarine-like vegetable-oil spread;100;535;59;1;785;0.6;0;0;0;vitamin a
MCKEE BAKING;100;548;33;0;223;8;55.2;0;34;vitamin c
Margarine-like shortening;100;628;71;0;864;0;0;0;0;vitamin k
Fruit salad;100;88;0.1;0;5;0.33;22.77;1;0;vitamin a
Rice bowl with chicken;100;126;1.6;16;333;5.65;22.46;0.7;4.07;vitamin a
Ruby Red grapefruit juice blend (grapefruit;100;44;0.1;0;8;0.5;10.53;0.2;10.3;vitamin a
MORNINGSTAR FARMS Breakfast Sandwich Veggie Sausage Egg & Cheese English Muffin;100;205;9.4;67;639;14.3;18.7;3.8;1.1;vitamin d
Pan Dulce;100;445;16;0;0;8.81;66.28;1.2;21.86;vitamin a
